Laikotarpis;Rodiklis;Administracinė teritorija;Matavimo vienetai;Reikšmė
2001;Gyventojų tankis metų pradžioje;Elektrėnų sav.;viename km²;53.9
2002;Gyventojų tankis metų pradžioje;Elektrėnų sav.;viename km²;53.1
2003;Gyventojų tankis metų pradžioje;Elektrėnų sav.;viename km²;55.7
2004;Gyventojų tankis metų pradžioje;Elektrėnų sav.;viename km²;55.0
2005;Gyventojų tankis metų pradžioje;Elektrėnų sav.;viename km²;54.3
2006;Gyventojų tankis metų pradžioje;Elektrėnų sav.;viename km²;53.0
2007;Gyventojų tankis metų pradžioje;Elektrėnų sav.;viename km²;52.4
2008;Gyventojų tankis metų pradžioje;Elektrėnų sav.;viename km²;51.7
2009;Gyventojų tankis metų pradžioje;Elektrėnų sav.;viename km²;51.2
2010;Gyventojų tankis metų pradžioje;Elektrėnų sav.;viename km²;50.7
2011;Gyventojų tankis metų pradžioje;Elektrėnų sav.;viename km²;49.2
2012;Gyventojų tankis metų pradžioje;Elektrėnų sav.;viename km²;48.5
2013;Gyventojų tankis metų pradžioje;Elektrėnų sav.;viename km²;47.9
2014;Gyventojų tankis metų pradžioje;Elektrėnų sav.;viename km²;47.6
2015;Gyventojų tankis metų pradžioje;Elektrėnų sav.;viename km²;47.5
2016;Gyventojų tankis metų pradžioje;Elektrėnų sav.;viename km²;47.1
2017;Gyventojų tankis metų pradžioje;Elektrėnų sav.;viename km²;46.7
2018;Gyventojų tankis metų pradžioje;Elektrėnų sav.;viename km²;46.6
2019;Gyventojų tankis metų pradžioje;Elektrėnų sav.;viename km²;46.5
2001;Gyventojų tankis metų pradžioje;Šalčininkų r. sav.;viename km²;26.4
2002;Gyventojų tankis metų pradžioje;Šalčininkų r. sav.;viename km²;26.1
2003;Gyventojų tankis metų pradžioje;Šalčininkų r. sav.;viename km²;25.9
2004;Gyventojų tankis metų pradžioje;Šalčininkų r. sav.;viename km²;25.6
2005;Gyventojų tankis metų pradžioje;Šalčininkų r. sav.;viename km²;25.3
2006;Gyventojų tankis metų pradžioje;Šalčininkų r. sav.;viename km²;24.8
2007;Gyventojų tankis metų pradžioje;Šalčininkų r. sav.;viename km²;24.5
2008;Gyventojų tankis metų pradžioje;Šalčininkų r. sav.;viename km²;24.2
2009;Gyventojų tankis metų pradžioje;Šalčininkų r. sav.;viename km²;24.0
2010;Gyventojų tankis metų pradžioje;Šalčininkų r. sav.;viename km²;23.7
2011;Gyventojų tankis metų pradžioje;Šalčininkų r. sav.;viename km²;23.3
2012;Gyventojų tankis metų pradžioje;Šalčininkų r. sav.;viename km²;22.9
2013;Gyventojų tankis metų pradžioje;Šalčininkų r. sav.;viename km²;22.6
2014;Gyventojų tankis metų pradžioje;Šalčininkų r. sav.;viename km²;22.2
2015;Gyventojų tankis metų pradžioje;Šalčininkų r. sav.;viename km²;21.9
2016;Gyventojų tankis metų pradžioje;Šalčininkų r. sav.;viename km²;21.6
2017;Gyventojų tankis metų pradžioje;Šalčininkų r. sav.;viename km²;21.3
2018;Gyventojų tankis metų pradžioje;Šalčininkų r. sav.;viename km²;20.9
2019;Gyventojų tankis metų pradžioje;Šalčininkų r. sav.;viename km²;20.8
2001;Gyventojų tankis metų pradžioje;Širvintų r. sav.;viename km²;22.3
2002;Gyventojų tankis metų pradžioje;Širvintų r. sav.;viename km²;22.2
2003;Gyventojų tankis metų pradžioje;Širvintų r. sav.;viename km²;21.9
2004;Gyventojų tankis metų pradžioje;Širvintų r. sav.;viename km²;21.7
2005;Gyventojų tankis metų pradžioje;Širvintų r. sav.;viename km²;21.6
2006;Gyventojų tankis metų pradžioje;Širvintų r. sav.;viename km²;21.2
2007;Gyventojų tankis metų pradžioje;Širvintų r. sav.;viename km²;21.0
2008;Gyventojų tankis metų pradžioje;Širvintų r. sav.;viename km²;20.7
2009;Gyventojų tankis metų pradžioje;Širvintų r. sav.;viename km²;20.4
2010;Gyventojų tankis metų pradžioje;Širvintų r. sav.;viename km²;20.1
2011;Gyventojų tankis metų pradžioje;Širvintų r. sav.;viename km²;19.5
2012;Gyventojų tankis metų pradžioje;Širvintų r. sav.;viename km²;19.0
2013;Gyventojų tankis metų pradžioje;Širvintų r. sav.;viename km²;18.7
2014;Gyventojų tankis metų pradžioje;Širvintų r. sav.;viename km²;18.3
2015;Gyventojų tankis metų pradžioje;Širvintų r. sav.;viename km²;18.0
2016;Gyventojų tankis metų pradžioje;Širvintų r. sav.;viename km²;17.8
2017;Gyventojų tankis metų pradžioje;Širvintų r. sav.;viename km²;17.5
2018;Gyventojų tankis metų pradžioje;Širvintų r. sav.;viename km²;17.2
2019;Gyventojų tankis metų pradžioje;Širvintų r. sav.;viename km²;17.0
2001;Gyventojų tankis metų pradžioje;Švenčionių r. sav.;viename km²;19.6
2002;Gyventojų tankis metų pradžioje;Švenčionių r. sav.;viename km²;19.4
2003;Gyventojų tankis metų pradžioje;Švenčionių r. sav.;viename km²;19.2
2004;Gyventojų tankis metų pradžioje;Švenčionių r. sav.;viename km²;18.9
2005;Gyventojų tankis metų pradžioje;Švenčionių r. sav.;viename km²;18.6
2006;Gyventojų tankis metų pradžioje;Švenčionių r. sav.;viename km²;18.1
2007;Gyventojų tankis metų pradžioje;Švenčionių r. sav.;viename km²;17.8
2008;Gyventojų tankis metų pradžioje;Švenčionių r. sav.;viename km²;17.5
2009;Gyventojų tankis metų pradžioje;Švenčionių r. sav.;viename km²;17.3
2010;Gyventojų tankis metų pradžioje;Švenčionių r. sav.;viename km²;17.0
2011;Gyventojų tankis metų pradžioje;Švenčionių r. sav.;viename km²;16.5
2012;Gyventojų tankis metų pradžioje;Švenčionių r. sav.;viename km²;16.2
2013;Gyventojų tankis metų pradžioje;Švenčionių r. sav.;viename km²;15.9
2014;Gyventojų tankis metų pradžioje;Švenčionių r. sav.;viename km²;15.5
2015;Gyventojų tankis metų pradžioje;Švenčionių r. sav.;viename km²;15.2
2016;Gyventojų tankis metų pradžioje;Švenčionių r. sav.;viename km²;14.9
2017;Gyventojų tankis metų pradžioje;Švenčionių r. sav.;viename km²;14.5
2018;Gyventojų tankis metų pradžioje;Švenčionių r. sav.;viename km²;14.1
2019;Gyventojų tankis metų pradžioje;Švenčionių r. sav.;viename km²;13.8
2001;Gyventojų tankis metų pradžioje;Trakų r. sav.;viename km²;31.0
2002;Gyventojų tankis metų pradžioje;Trakų r. sav.;viename km²;30.7
2003;Gyventojų tankis metų pradžioje;Trakų r. sav.;viename km²;30.6
2004;Gyventojų tankis metų pradžioje;Trakų r. sav.;viename km²;30.6
2005;Gyventojų tankis metų pradžioje;Trakų r. sav.;viename km²;30.4
2006;Gyventojų tankis metų pradžioje;Trakų r. sav.;viename km²;30.1
2007;Gyventojų tankis metų pradžioje;Trakų r. sav.;viename km²;29.7
2008;Gyventojų tankis metų pradžioje;Trakų r. sav.;viename km²;29.4
2009;Gyventojų tankis metų pradžioje;Trakų r. sav.;viename km²;29.3
2010;Gyventojų tankis metų pradžioje;Trakų r. sav.;viename km²;29.0
2011;Gyventojų tankis metų pradžioje;Trakų r. sav.;viename km²;28.5
2012;Gyventojų tankis metų pradžioje;Trakų r. sav.;viename km²;28.3
2013;Gyventojų tankis metų pradžioje;Trakų r. sav.;viename km²;28.1
2014;Gyventojų tankis metų pradžioje;Trakų r. sav.;viename km²;27.8
2015;Gyventojų tankis metų pradžioje;Trakų r. sav.;viename km²;27.7
2016;Gyventojų tankis metų pradžioje;Trakų r. sav.;viename km²;27.4
2017;Gyventojų tankis metų pradžioje;Trakų r. sav.;viename km²;27.1
2018;Gyventojų tankis metų pradžioje;Trakų r. sav.;viename km²;26.9
2019;Gyventojų tankis metų pradžioje;Trakų r. sav.;viename km²;27.0
2001;Gyventojų tankis metų pradžioje;Ukmergės r. sav.;viename km²;34.9
2002;Gyventojų tankis metų pradžioje;Ukmergės r. sav.;viename km²;34.5
2003;Gyventojų tankis metų pradžioje;Ukmergės r. sav.;viename km²;34.1
2004;Gyventojų tankis metų pradžioje;Ukmergės r. sav.;viename km²;33.6
2005;Gyventojų tankis metų pradžioje;Ukmergės r. sav.;viename km²;33.1
2006;Gyventojų tankis metų pradžioje;Ukmergės r. sav.;viename km²;32.4
2007;Gyventojų tankis metų pradžioje;Ukmergės r. sav.;viename km²;31.8
2008;Gyventojų tankis metų pradžioje;Ukmergės r. sav.;viename km²;31.3
2009;Gyventojų tankis metų pradžioje;Ukmergės r. sav.;viename km²;30.7
2010;Gyventojų tankis metų pradžioje;Ukmergės r. sav.;viename km²;30.1
2011;Gyventojų tankis metų pradžioje;Ukmergės r. sav.;viename km²;28.9
2012;Gyventojų tankis metų pradžioje;Ukmergės r. sav.;viename km²;28.1
2013;Gyventojų tankis metų pradžioje;Ukmergės r. sav.;viename km²;27.5
2014;Gyventojų tankis metų pradžioje;Ukmergės r. sav.;viename km²;26.9
2015;Gyventojų tankis metų pradžioje;Ukmergės r. sav.;viename km²;26.5
2016;Gyventojų tankis metų pradžioje;Ukmergės r. sav.;viename km²;25.9
2017;Gyventojų tankis metų pradžioje;Ukmergės r. sav.;viename km²;25.3
2018;Gyventojų tankis metų pradžioje;Ukmergės r. sav.;viename km²;24.6
2019;Gyventojų tankis metų pradžioje;Ukmergės r. sav.;viename km²;24.3
2001;Gyventojų tankis metų pradžioje;Vilniaus m. sav.;viename km²;1382.2
2002;Gyventojų tankis metų pradžioje;Vilniaus m. sav.;viename km²;1373.9
2003;Gyventojų tankis metų pradžioje;Vilniaus m. sav.;viename km²;1372.1
2004;Gyventojų tankis metų pradžioje;Vilniaus m. sav.;viename km²;1368.4
2005;Gyventojų tankis metų pradžioje;Vilniaus m. sav.;viename km²;1363.5
2006;Gyventojų tankis metų pradžioje;Vilniaus m. sav.;viename km²;1352.9
2007;Gyventojų tankis metų pradžioje;Vilniaus m. sav.;viename km²;1351.0
2008;Gyventojų tankis metų pradžioje;Vilniaus m. sav.;viename km²;1350.6
2009;Gyventojų tankis metų pradžioje;Vilniaus m. sav.;viename km²;1354.0
2010;Gyventojų tankis metų pradžioje;Vilniaus m. sav.;viename km²;1354.6
2011;Gyventojų tankis metų pradžioje;Vilniaus m. sav.;viename km²;1337.0
2012;Gyventojų tankis metų pradžioje;Vilniaus m. sav.;viename km²;1329.9
2013;Gyventojų tankis metų pradžioje;Vilniaus m. sav.;viename km²;1339.5
2014;Gyventojų tankis metų pradžioje;Vilniaus m. sav.;viename km²;1345.9
2015;Gyventojų tankis metų pradžioje;Vilniaus m. sav.;viename km²;1356.6
2016;Gyventojų tankis metų pradžioje;Vilniaus m. sav.;viename km²;1355.3
2017;Gyventojų tankis metų pradžioje;Vilniaus m. sav.;viename km²;1359.8
2018;Gyventojų tankis metų pradžioje;Vilniaus m. sav.;viename km²;1365.3
2019;Gyventojų tankis metų pradžioje;Vilniaus m. sav.;viename km²;1376.9
2001;Gyventojų tankis metų pradžioje;Vilniaus r. sav.;viename km²;41.6
2002;Gyventojų tankis metų pradžioje;Vilniaus r. sav.;viename km²;41.7
2003;Gyventojų tankis metų pradžioje;Vilniaus r. sav.;viename km²;42.0
2004;Gyventojų tankis metų pradžioje;Vilniaus r. sav.;viename km²;42.9
2005;Gyventojų tankis metų pradžioje;Vilniaus r. sav.;viename km²;43.5
2006;Gyventojų tankis metų pradžioje;Vilniaus r. sav.;viename km²;43.8
2007;Gyventojų tankis metų pradžioje;Vilniaus r. sav.;viename km²;44.1
2008;Gyventojų tankis metų pradžioje;Vilniaus r. sav.;viename km²;44.5
2009;Gyventojų tankis metų pradžioje;Vilniaus r. sav.;viename km²;45.0
2010;Gyventojų tankis metų pradžioje;Vilniaus r. sav.;viename km²;45.1
2011;Gyventojų tankis metų pradžioje;Vilniaus r. sav.;viename km²;44.8
2012;Gyventojų tankis metų pradžioje;Vilniaus r. sav.;viename km²;44.9
2013;Gyventojų tankis metų pradžioje;Vilniaus r. sav.;viename km²;44.6
2014;Gyventojų tankis metų pradžioje;Vilniaus r. sav.;viename km²;44.6
2015;Gyventojų tankis metų pradžioje;Vilniaus r. sav.;viename km²;44.9
2016;Gyventojų tankis metų pradžioje;Vilniaus r. sav.;viename km²;44.7
2017;Gyventojų tankis metų pradžioje;Vilniaus r. sav.;viename km²;45.1
2018;Gyventojų tankis metų pradžioje;Vilniaus r. sav.;viename km²;45.4
2019;Gyventojų tankis metų pradžioje;Vilniaus r. sav.;viename km²;46.2
2001;Gyventojų tankis metų pradžioje;Alytaus m. sav.;viename km²;1786.5
2002;Gyventojų tankis metų pradžioje;Alytaus m. sav.;viename km²;1781.5
2003;Gyventojų tankis metų pradžioje;Alytaus m. sav.;viename km²;1775.3
2004;Gyventojų tankis metų pradžioje;Alytaus m. sav.;viename km²;1751.3
2005;Gyventojų tankis metų pradžioje;Alytaus m. sav.;viename km²;1721.0
2006;Gyventojų tankis metų pradžioje;Alytaus m. sav.;viename km²;1686.1
2007;Gyventojų tankis metų pradžioje;Alytaus m. sav.;viename km²;1668.7
2008;Gyventojų tankis metų pradžioje;Alytaus m. sav.;viename km²;1646.4
2009;Gyventojų tankis metų pradžioje;Alytaus m. sav.;viename km²;1619.3
2010;Gyventojų tankis metų pradžioje;Alytaus m. sav.;viename km²;1590.8
2011;Gyventojų tankis metų pradžioje;Alytaus m. sav.;viename km²;1507.6
2012;Gyventojų tankis metų pradžioje;Alytaus m. sav.;viename km²;1462.9
2013;Gyventojų tankis metų pradžioje;Alytaus m. sav.;viename km²;1432.0
2014;Gyventojų tankis metų pradžioje;Alytaus m. sav.;viename km²;1408.9
2015;Gyventojų tankis metų pradžioje;Alytaus m. sav.;viename km²;1390.4
2016;Gyventojų tankis metų pradžioje;Alytaus m. sav.;viename km²;1360.8
2017;Gyventojų tankis metų pradžioje;Alytaus m. sav.;viename km²;1319.8
2018;Gyventojų tankis metų pradžioje;Alytaus m. sav.;viename km²;1288.4
2019;Gyventojų tankis metų pradžioje;Alytaus m. sav.;viename km²;1260.6
2001;Gyventojų tankis metų pradžioje;Alytaus r. sav.;viename km²;23.3
2002;Gyventojų tankis metų pradžioje;Alytaus r. sav.;viename km²;23.0
2003;Gyventojų tankis metų pradžioje;Alytaus r. sav.;viename km²;22.7
2004;Gyventojų tankis metų pradžioje;Alytaus r. sav.;viename km²;22.6
2005;Gyventojų tankis metų pradžioje;Alytaus r. sav.;viename km²;22.4
2006;Gyventojų tankis metų pradžioje;Alytaus r. sav.;viename km²;21.9
2007;Gyventojų tankis metų pradžioje;Alytaus r. sav.;viename km²;21.6
2008;Gyventojų tankis metų pradžioje;Alytaus r. sav.;viename km²;21.2
2009;Gyventojų tankis metų pradžioje;Alytaus r. sav.;viename km²;21.0
2010;Gyventojų tankis metų pradžioje;Alytaus r. sav.;viename km²;20.7
2011;Gyventojų tankis metų pradžioje;Alytaus r. sav.;viename km²;20.1
2012;Gyventojų tankis metų pradžioje;Alytaus r. sav.;viename km²;19.9
2013;Gyventojų tankis metų pradžioje;Alytaus r. sav.;viename km²;19.7
2014;Gyventojų tankis metų pradžioje;Alytaus r. sav.;viename km²;19.5
2015;Gyventojų tankis metų pradžioje;Alytaus r. sav.;viename km²;19.3
2016;Gyventojų tankis metų pradžioje;Alytaus r. sav.;viename km²;19.1
2017;Gyventojų tankis metų pradžioje;Alytaus r. sav.;viename km²;18.9
2018;Gyventojų tankis metų pradžioje;Alytaus r. sav.;viename km²;18.6
2019;Gyventojų tankis metų pradžioje;Alytaus r. sav.;viename km²;18.6
2001;Gyventojų tankis metų pradžioje;Druskininkų sav.;viename km²;56.2
2002;Gyventojų tankis metų pradžioje;Druskininkų sav.;viename km²;55.4
2003;Gyventojų tankis metų pradžioje;Druskininkų sav.;viename km²;55.0
2004;Gyventojų tankis metų pradžioje;Druskininkų sav.;viename km²;54.3
2005;Gyventojų tankis metų pradžioje;Druskininkų sav.;viename km²;53.4
2006;Gyventojų tankis metų pradžioje;Druskininkų sav.;viename km²;52.6
2007;Gyventojų tankis metų pradžioje;Druskininkų sav.;viename km²;51.7
2008;Gyventojų tankis metų pradžioje;Druskininkų sav.;viename km²;51.1
2009;Gyventojų tankis metų pradžioje;Druskininkų sav.;viename km²;50.6
2010;Gyventojų tankis metų pradžioje;Druskininkų sav.;viename km²;49.9
2011;Gyventojų tankis metų pradžioje;Druskininkų sav.;viename km²;48.2
2012;Gyventojų tankis metų pradžioje;Druskininkų sav.;viename km²;47.3
2013;Gyventojų tankis metų pradžioje;Druskininkų sav.;viename km²;46.7
2014;Gyventojų tankis metų pradžioje;Druskininkų sav.;viename km²;46.1
2015;Gyventojų tankis metų pradžioje;Druskininkų sav.;viename km²;45.8
2016;Gyventojų tankis metų pradžioje;Druskininkų sav.;viename km²;45.0
2017;Gyventojų tankis metų pradžioje;Druskininkų sav.;viename km²;44.2
2018;Gyventojų tankis metų pradžioje;Druskininkų sav.;viename km²;43.3
2019;Gyventojų tankis metų pradžioje;Druskininkų sav.;viename km²;42.7
2001;Gyventojų tankis metų pradžioje;Lazdijų r. sav.;viename km²;20.8
2002;Gyventojų tankis metų pradžioje;Lazdijų r. sav.;viename km²;20.6
2003;Gyventojų tankis metų pradžioje;Lazdijų r. sav.;viename km²;20.3
2004;Gyventojų tankis metų pradžioje;Lazdijų r. sav.;viename km²;20.0
2005;Gyventojų tankis metų pradžioje;Lazdijų r. sav.;viename km²;19.6
2006;Gyventojų tankis metų pradžioje;Lazdijų r. sav.;viename km²;19.1
2007;Gyventojų tankis metų pradžioje;Lazdijų r. sav.;viename km²;18.7
2008;Gyventojų tankis metų pradžioje;Lazdijų r. sav.;viename km²;18.3
2009;Gyventojų tankis metų pradžioje;Lazdijų r. sav.;viename km²;18.0
2010;Gyventojų tankis metų pradžioje;Lazdijų r. sav.;viename km²;17.6
2011;Gyventojų tankis metų pradžioje;Lazdijų r. sav.;viename km²;17.2
2012;Gyventojų tankis metų pradžioje;Lazdijų r. sav.;viename km²;16.9
2013;Gyventojų tankis metų pradžioje;Lazdijų r. sav.;viename km²;16.5
2014;Gyventojų tankis metų pradžioje;Lazdijų r. sav.;viename km²;16.2
2015;Gyventojų tankis metų pradžioje;Lazdijų r. sav.;viename km²;15.9
2016;Gyventojų tankis metų pradžioje;Lazdijų r. sav.;viename km²;15.6
2017;Gyventojų tankis metų pradžioje;Lazdijų r. sav.;viename km²;15.2
2018;Gyventojų tankis metų pradžioje;Lazdijų r. sav.;viename km²;14.6
2019;Gyventojų tankis metų pradžioje;Lazdijų r. sav.;viename km²;14.3
2001;Gyventojų tankis metų pradžioje;Varėnos r. sav.;viename km²;14.1
2002;Gyventojų tankis metų pradžioje;Varėnos r. sav.;viename km²;13.9
2003;Gyventojų tankis metų pradžioje;Varėnos r. sav.;viename km²;13.8
2004;Gyventojų tankis metų pradžioje;Varėnos r. sav.;viename km²;13.6
2005;Gyventojų tankis metų pradžioje;Varėnos r. sav.;viename km²;13.3
2006;Gyventojų tankis metų pradžioje;Varėnos r. sav.;viename km²;13.0
2007;Gyventojų tankis metų pradžioje;Varėnos r. sav.;viename km²;12.7
2008;Gyventojų tankis metų pradžioje;Varėnos r. sav.;viename km²;12.4
2009;Gyventojų tankis metų pradžioje;Varėnos r. sav.;viename km²;12.1
2010;Gyventojų tankis metų pradžioje;Varėnos r. sav.;viename km²;11.9
2011;Gyventojų tankis metų pradžioje;Varėnos r. sav.;viename km²;11.5
2012;Gyventojų tankis metų pradžioje;Varėnos r. sav.;viename km²;11.2
2013;Gyventojų tankis metų pradžioje;Varėnos r. sav.;viename km²;11.0
2014;Gyventojų tankis metų pradžioje;Varėnos r. sav.;viename km²;10.8
2015;Gyventojų tankis metų pradžioje;Varėnos r. sav.;viename km²;10.6
2016;Gyventojų tankis metų pradžioje;Varėnos r. sav.;viename km²;10.4
2017;Gyventojų tankis metų pradžioje;Varėnos r. sav.;viename km²;10.1
2018;Gyventojų tankis metų pradžioje;Varėnos r. sav.;viename km²;9.8
2019;Gyventojų tankis metų pradžioje;Varėnos r. sav.;viename km²;9.6
2001;Gyventojų tankis metų pradžioje;Birštono sav.;viename km²;44.0
2002;Gyventojų tankis metų pradžioje;Birštono sav.;viename km²;43.2
2003;Gyventojų tankis metų pradžioje;Birštono sav.;viename km²;42.7
2004;Gyventojų tankis metų pradžioje;Birštono sav.;viename km²;42.3
2005;Gyventojų tankis metų pradžioje;Birštono sav.;viename km²;41.3
2006;Gyventojų tankis metų pradžioje;Birštono sav.;viename km²;40.1
2007;Gyventojų tankis metų pradžioje;Birštono sav.;viename km²;39.5
2008;Gyventojų tankis metų pradžioje;Birštono sav.;viename km²;39.2
2009;Gyventojų tankis metų pradžioje;Birštono sav.;viename km²;38.5
2010;Gyventojų tankis metų pradžioje;Birštono sav.;viename km²;37.7
2011;Gyventojų tankis metų pradžioje;Birštono sav.;viename km²;37.0
2012;Gyventojų tankis metų pradžioje;Birštono sav.;viename km²;36.5
2013;Gyventojų tankis metų pradžioje;Birštono sav.;viename km²;36.0
2014;Gyventojų tankis metų pradžioje;Birštono sav.;viename km²;35.2
2015;Gyventojų tankis metų pradžioje;Birštono sav.;viename km²;35.8
2016;Gyventojų tankis metų pradžioje;Birštono sav.;viename km²;35.5
2017;Gyventojų tankis metų pradžioje;Birštono sav.;viename km²;34.9
2018;Gyventojų tankis metų pradžioje;Birštono sav.;viename km²;34.2
2019;Gyventojų tankis metų pradžioje;Birštono sav.;viename km²;33.7
2001;Gyventojų tankis metų pradžioje;Jonavos r. sav.;viename km²;55.4
2002;Gyventojų tankis metų pradžioje;Jonavos r. sav.;viename km²;55.1
2003;Gyventojų tankis metų pradžioje;Jonavos r. sav.;viename km²;54.8
2004;Gyventojų tankis metų pradžioje;Jonavos r. sav.;viename km²;54.6
2005;Gyventojų tankis metų pradžioje;Jonavos r. sav.;viename km²;54.3
2006;Gyventojų tankis metų pradžioje;Jonavos r. sav.;viename km²;53.4
2007;Gyventojų tankis metų pradžioje;Jonavos r. sav.;viename km²;52.5
2008;Gyventojų tankis metų pradžioje;Jonavos r. sav.;viename km²;52.0
2009;Gyventojų tankis metų pradžioje;Jonavos r. sav.;viename km²;51.7
2010;Gyventojų tankis metų pradžioje;Jonavos r. sav.;viename km²;50.9
2011;Gyventojų tankis metų pradžioje;Jonavos r. sav.;viename km²;49.4
2012;Gyventojų tankis metų pradžioje;Jonavos r. sav.;viename km²;48.4
2013;Gyventojų tankis metų pradžioje;Jonavos r. sav.;viename km²;47.8
2014;Gyventojų tankis metų pradžioje;Jonavos r. sav.;viename km²;47.1
2015;Gyventojų tankis metų pradžioje;Jonavos r. sav.;viename km²;46.5
2016;Gyventojų tankis metų pradžioje;Jonavos r. sav.;viename km²;45.8
2017;Gyventojų tankis metų pradžioje;Jonavos r. sav.;viename km²;45.1
2018;Gyventojų tankis metų pradžioje;Jonavos r. sav.;viename km²;44.6
2019;Gyventojų tankis metų pradžioje;Jonavos r. sav.;viename km²;44.1
2001;Gyventojų tankis metų pradžioje;Kaišiadorių r. sav.;viename km²;35.6
2002;Gyventojų tankis metų pradžioje;Kaišiadorių r. sav.;viename km²;35.4
2003;Gyventojų tankis metų pradžioje;Kaišiadorių r. sav.;viename km²;34.4
2004;Gyventojų tankis metų pradžioje;Kaišiadorių r. sav.;viename km²;34.1
2005;Gyventojų tankis metų pradžioje;Kaišiadorių r. sav.;viename km²;33.8
2006;Gyventojų tankis metų pradžioje;Kaišiadorių r. sav.;viename km²;33.3
2007;Gyventojų tankis metų pradžioje;Kaišiadorių r. sav.;viename km²;33.1
2008;Gyventojų tankis metų pradžioje;Kaišiadorių r. sav.;viename km²;32.7
2009;Gyventojų tankis metų pradžioje;Kaišiadorių r. sav.;viename km²;32.4
2010;Gyventojų tankis metų pradžioje;Kaišiadorių r. sav.;viename km²;32.0
2011;Gyventojų tankis metų pradžioje;Kaišiadorių r. sav.;viename km²;31.2
2012;Gyventojų tankis metų pradžioje;Kaišiadorių r. sav.;viename km²;30.7
2013;Gyventojų tankis metų pradžioje;Kaišiadorių r. sav.;viename km²;30.3
2014;Gyventojų tankis metų pradžioje;Kaišiadorių r. sav.;viename km²;29.8
2015;Gyventojų tankis metų pradžioje;Kaišiadorių r. sav.;viename km²;29.4
2016;Gyventojų tankis metų pradžioje;Kaišiadorių r. sav.;viename km²;28.9
2017;Gyventojų tankis metų pradžioje;Kaišiadorių r. sav.;viename km²;28.4
2018;Gyventojų tankis metų pradžioje;Kaišiadorių r. sav.;viename km²;27.8
2019;Gyventojų tankis metų pradžioje;Kaišiadorių r. sav.;viename km²;27.5
2001;Gyventojų tankis metų pradžioje;Kauno m. sav.;viename km²;2418.5
2002;Gyventojų tankis metų pradžioje;Kauno m. sav.;viename km²;2383.3
2003;Gyventojų tankis metų pradžioje;Kauno m. sav.;viename km²;2358.2
2004;Gyventojų tankis metų pradžioje;Kauno m. sav.;viename km²;2318.2
2005;Gyventojų tankis metų pradžioje;Kauno m. sav.;viename km²;2273.6
2006;Gyventojų tankis metų pradžioje;Kauno m. sav.;viename km²;2219.8
2007;Gyventojų tankis metų pradžioje;Kauno m. sav.;viename km²;2190.6
2008;Gyventojų tankis metų pradžioje;Kauno m. sav.;viename km²;2162.6
2009;Gyventojų tankis metų pradžioje;Kauno m. sav.;viename km²;2136.3
2010;Gyventojų tankis metų pradžioje;Kauno m. sav.;viename km²;2099.0
2011;Gyventojų tankis metų pradžioje;Kauno m. sav.;viename km²;2021.1
2012;Gyventojų tankis metų pradžioje;Kauno m. sav.;viename km²;1979.4
2013;Gyventojų tankis metų pradžioje;Kauno m. sav.;viename km²;1954.7
2014;Gyventojų tankis metų pradžioje;Kauno m. sav.;viename km²;1936.4
2015;Gyventojų tankis metų pradžioje;Kauno m. sav.;viename km²;1919.5
2016;Gyventojų tankis metų pradžioje;Kauno m. sav.;viename km²;1897.1
2017;Gyventojų tankis metų pradžioje;Kauno m. sav.;viename km²;1864.3
2018;Gyventojų tankis metų pradžioje;Kauno m. sav.;viename km²;1836.7
2019;Gyventojų tankis metų pradžioje;Kauno m. sav.;viename km²;1826.5
2001;Gyventojų tankis metų pradžioje;Kauno r. sav.;viename km²;54.4
2002;Gyventojų tankis metų pradžioje;Kauno r. sav.;viename km²;54.6
2003;Gyventojų tankis metų pradžioje;Kauno r. sav.;viename km²;54.9
2004;Gyventojų tankis metų pradžioje;Kauno r. sav.;viename km²;55.6
2005;Gyventojų tankis metų pradžioje;Kauno r. sav.;viename km²;55.6
2006;Gyventojų tankis metų pradžioje;Kauno r. sav.;viename km²;55.5
2007;Gyventojų tankis metų pradžioje;Kauno r. sav.;viename km²;55.7
2008;Gyventojų tankis metų pradžioje;Kauno r. sav.;viename km²;56.1
2009;Gyventojų tankis metų pradžioje;Kauno r. sav.;viename km²;57.3
2010;Gyventojų tankis metų pradžioje;Kauno r. sav.;viename km²;58.1
2011;Gyventojų tankis metų pradžioje;Kauno r. sav.;viename km²;57.4
2012;Gyventojų tankis metų pradžioje;Kauno r. sav.;viename km²;57.6
2013;Gyventojų tankis metų pradžioje;Kauno r. sav.;viename km²;57.8
2014;Gyventojų tankis metų pradžioje;Kauno r. sav.;viename km²;58.2
2015;Gyventojų tankis metų pradžioje;Kauno r. sav.;viename km²;59.1
2016;Gyventojų tankis metų pradžioje;Kauno r. sav.;viename km²;59.9
2017;Gyventojų tankis metų pradžioje;Kauno r. sav.;viename km²;60.9
2018;Gyventojų tankis metų pradžioje;Kauno r. sav.;viename km²;62.0
2019;Gyventojų tankis metų pradžioje;Kauno r. sav.;viename km²;63.6
2001;Gyventojų tankis metų pradžioje;Kėdainių r. sav.;viename km²;39.2
2002;Gyventojų tankis metų pradžioje;Kėdainių r. sav.;viename km²;38.8
2003;Gyventojų tankis metų pradžioje;Kėdainių r. sav.;viename km²;38.5
2004;Gyventojų tankis metų pradžioje;Kėdainių r. sav.;viename km²;38.0
2005;Gyventojų tankis metų pradžioje;Kėdainių r. sav.;viename km²;37.3
2006;Gyventojų tankis metų pradžioje;Kėdainių r. sav.;viename km²;36.0
2007;Gyventojų tankis metų pradžioje;Kėdainių r. sav.;viename km²;35.3
2008;Gyventojų tankis metų pradžioje;Kėdainių r. sav.;viename km²;34.7
2009;Gyventojų tankis metų pradžioje;Kėdainių r. sav.;viename km²;34.2
2010;Gyventojų tankis metų pradžioje;Kėdainių r. sav.;viename km²;33.4
2011;Gyventojų tankis metų pradžioje;Kėdainių r. sav.;viename km²;32.4
2012;Gyventojų tankis metų pradžioje;Kėdainių r. sav.;viename km²;31.6
2013;Gyventojų tankis metų pradžioje;Kėdainių r. sav.;viename km²;31.0
2014;Gyventojų tankis metų pradžioje;Kėdainių r. sav.;viename km²;30.3
2015;Gyventojų tankis metų pradžioje;Kėdainių r. sav.;viename km²;29.8
2016;Gyventojų tankis metų pradžioje;Kėdainių r. sav.;viename km²;29.3
2017;Gyventojų tankis metų pradžioje;Kėdainių r. sav.;viename km²;28.5
2018;Gyventojų tankis metų pradžioje;Kėdainių r. sav.;viename km²;27.8
2019;Gyventojų tankis metų pradžioje;Kėdainių r. sav.;viename km²;27.4
2001;Gyventojų tankis metų pradžioje;Prienų r. sav.;viename km²;34.7
2002;Gyventojų tankis metų pradžioje;Prienų r. sav.;viename km²;34.3
2003;Gyventojų tankis metų pradžioje;Prienų r. sav.;viename km²;34.0
2004;Gyventojų tankis metų pradžioje;Prienų r. sav.;viename km²;33.4
2005;Gyventojų tankis metų pradžioje;Prienų r. sav.;viename km²;32.8
2006;Gyventojų tankis metų pradžioje;Prienų r. sav.;viename km²;32.1
2007;Gyventojų tankis metų pradžioje;Prienų r. sav.;viename km²;31.4
2008;Gyventojų tankis metų pradžioje;Prienų r. sav.;viename km²;30.9
2009;Gyventojų tankis metų pradžioje;Prienų r. sav.;viename km²;30.5
2010;Gyventojų tankis metų pradžioje;Prienų r. sav.;viename km²;30.1
2011;Gyventojų tankis metų pradžioje;Prienų r. sav.;viename km²;29.0
2012;Gyventojų tankis metų pradžioje;Prienų r. sav.;viename km²;28.5
2013;Gyventojų tankis metų pradžioje;Prienų r. sav.;viename km²;28.2
2014;Gyventojų tankis metų pradžioje;Prienų r. sav.;viename km²;27.7
2015;Gyventojų tankis metų pradžioje;Prienų r. sav.;viename km²;27.3
2016;Gyventojų tankis metų pradžioje;Prienų r. sav.;viename km²;26.8
2017;Gyventojų tankis metų pradžioje;Prienų r. sav.;viename km²;26.3
2018;Gyventojų tankis metų pradžioje;Prienų r. sav.;viename km²;25.7
2019;Gyventojų tankis metų pradžioje;Prienų r. sav.;viename km²;25.3
2001;Gyventojų tankis metų pradžioje;Raseinių r. sav.;viename km²;28.1
2002;Gyventojų tankis metų pradžioje;Raseinių r. sav.;viename km²;27.9
2003;Gyventojų tankis metų pradžioje;Raseinių r. sav.;viename km²;27.6
2004;Gyventojų tankis metų pradžioje;Raseinių r. sav.;viename km²;27.3
2005;Gyventojų tankis metų pradžioje;Raseinių r. sav.;viename km²;26.9
2006;Gyventojų tankis metų pradžioje;Raseinių r. sav.;viename km²;26.4
2007;Gyventojų tankis metų pradžioje;Raseinių r. sav.;viename km²;26.1
2008;Gyventojų tankis metų pradžioje;Raseinių r. sav.;viename km²;25.7
2009;Gyventojų tankis metų pradžioje;Raseinių r. sav.;viename km²;25.2
2010;Gyventojų tankis metų pradžioje;Raseinių r. sav.;viename km²;24.7
2011;Gyventojų tankis metų pradžioje;Raseinių r. sav.;viename km²;23.9
2012;Gyventojų tankis metų pradžioje;Raseinių r. sav.;viename km²;23.4
2013;Gyventojų tankis metų pradžioje;Raseinių r. sav.;viename km²;22.9
2014;Gyventojų tankis metų pradžioje;Raseinių r. sav.;viename km²;22.6
2015;Gyventojų tankis metų pradžioje;Raseinių r. sav.;viename km²;22.3
2016;Gyventojų tankis metų pradžioje;Raseinių r. sav.;viename km²;21.8
2017;Gyventojų tankis metų pradžioje;Raseinių r. sav.;viename km²;21.3
2018;Gyventojų tankis metų pradžioje;Raseinių r. sav.;viename km²;20.7
2019;Gyventojų tankis metų pradžioje;Raseinių r. sav.;viename km²;20.3
2001;Gyventojų tankis metų pradžioje;Klaipėdos m. sav.;viename km²;1971.6
2002;Gyventojų tankis metų pradžioje;Klaipėdos m. sav.;viename km²;1948.1
2003;Gyventojų tankis metų pradžioje;Klaipėdos m. sav.;viename km²;1933.9
2004;Gyventojų tankis metų pradžioje;Klaipėdos m. sav.;viename km²;1906.2
2005;Gyventojų tankis metų pradžioje;Klaipėdos m. sav.;viename km²;1873.7
2006;Gyventojų tankis metų pradžioje;Klaipėdos m. sav.;viename km²;1820.2
2007;Gyventojų tankis metų pradžioje;Klaipėdos m. sav.;viename km²;1789.7
2008;Gyventojų tankis metų pradžioje;Klaipėdos m. sav.;viename km²;1762.1
2009;Gyventojų tankis metų pradžioje;Klaipėdos m. sav.;viename km²;1741.8
2010;Gyventojų tankis metų pradžioje;Klaipėdos m. sav.;viename km²;1715.7
2011;Gyventojų tankis metų pradžioje;Klaipėdos m. sav.;viename km²;1662.2
2012;Gyventojų tankis metų pradžioje;Klaipėdos m. sav.;viename km²;1634.1
2013;Gyventojų tankis metų pradžioje;Klaipėdos m. sav.;viename km²;1617.8
2014;Gyventojų tankis metų pradžioje;Klaipėdos m. sav.;viename km²;1605.2
2015;Gyventojų tankis metų pradžioje;Klaipėdos m. sav.;viename km²;1577.2
2016;Gyventojų tankis metų pradžioje;Klaipėdos m. sav.;viename km²;1574.8
2017;Gyventojų tankis metų pradžioje;Klaipėdos m. sav.;viename km²;1544.0
2018;Gyventojų tankis metų pradžioje;Klaipėdos m. sav.;viename km²;1519.5
2019;Gyventojų tankis metų pradžioje;Klaipėdos m. sav.;viename km²;1509.1
2001;Gyventojų tankis metų pradžioje;Klaipėdos r. sav.;viename km²;34.6
2002;Gyventojų tankis metų pradžioje;Klaipėdos r. sav.;viename km²;34.7
2003;Gyventojų tankis metų pradžioje;Klaipėdos r. sav.;viename km²;34.9
2004;Gyventojų tankis metų pradžioje;Klaipėdos r. sav.;viename km²;35.5
2005;Gyventojų tankis metų pradžioje;Klaipėdos r. sav.;viename km²;36.0
2006;Gyventojų tankis metų pradžioje;Klaipėdos r. sav.;viename km²;36.3
2007;Gyventojų tankis metų pradžioje;Klaipėdos r. sav.;viename km²;36.9
2008;Gyventojų tankis metų pradžioje;Klaipėdos r. sav.;viename km²;37.8
2009;Gyventojų tankis metų pradžioje;Klaipėdos r. sav.;viename km²;38.7
2010;Gyventojų tankis metų pradžioje;Klaipėdos r. sav.;viename km²;38.8
2011;Gyventojų tankis metų pradžioje;Klaipėdos r. sav.;viename km²;38.4
2012;Gyventojų tankis metų pradžioje;Klaipėdos r. sav.;viename km²;38.5
2013;Gyventojų tankis metų pradžioje;Klaipėdos r. sav.;viename km²;38.6
2014;Gyventojų tankis metų pradžioje;Klaipėdos r. sav.;viename km²;39.0
2015;Gyventojų tankis metų pradžioje;Klaipėdos r. sav.;viename km²;39.4
2016;Gyventojų tankis metų pradžioje;Klaipėdos r. sav.;viename km²;40.4
2017;Gyventojų tankis metų pradžioje;Klaipėdos r. sav.;viename km²;41.3
2018;Gyventojų tankis metų pradžioje;Klaipėdos r. sav.;viename km²;42.4
2019;Gyventojų tankis metų pradžioje;Klaipėdos r. sav.;viename km²;44.2
2001;Gyventojų tankis metų pradžioje;Kretingos r. sav.;viename km²;46.2
2002;Gyventojų tankis metų pradžioje;Kretingos r. sav.;viename km²;45.9
2003;Gyventojų tankis metų pradžioje;Kretingos r. sav.;viename km²;45.9
2004;Gyventojų tankis metų pradžioje;Kretingos r. sav.;viename km²;46.0
2005;Gyventojų tankis metų pradžioje;Kretingos r. sav.;viename km²;45.6
2006;Gyventojų tankis metų pradžioje;Kretingos r. sav.;viename km²;44.9
2007;Gyventojų tankis metų pradžioje;Kretingos r. sav.;viename km²;44.7
2008;Gyventojų tankis metų pradžioje;Kretingos r. sav.;viename km²;44.3
2009;Gyventojų tankis metų pradžioje;Kretingos r. sav.;viename km²;44.1
2010;Gyventojų tankis metų pradžioje;Kretingos r. sav.;viename km²;43.1
2011;Gyventojų tankis metų pradžioje;Kretingos r. sav.;viename km²;41.9
2012;Gyventojų tankis metų pradžioje;Kretingos r. sav.;viename km²;41.3
2013;Gyventojų tankis metų pradžioje;Kretingos r. sav.;viename km²;41.0
2014;Gyventojų tankis metų pradžioje;Kretingos r. sav.;viename km²;40.6
2015;Gyventojų tankis metų pradžioje;Kretingos r. sav.;viename km²;40.2
2016;Gyventojų tankis metų pradžioje;Kretingos r. sav.;viename km²;39.6
2017;Gyventojų tankis metų pradžioje;Kretingos r. sav.;viename km²;39.0
2018;Gyventojų tankis metų pradžioje;Kretingos r. sav.;viename km²;38.4
2019;Gyventojų tankis metų pradžioje;Kretingos r. sav.;viename km²;38.0
2001;Gyventojų tankis metų pradžioje;Neringos sav.;viename km²;26.7
2002;Gyventojų tankis metų pradžioje;Neringos sav.;viename km²;24.5
2003;Gyventojų tankis metų pradžioje;Neringos sav.;viename km²;24.0
2004;Gyventojų tankis metų pradžioje;Neringos sav.;viename km²;24.9
2005;Gyventojų tankis metų pradžioje;Neringos sav.;viename km²;25.7
2006;Gyventojų tankis metų pradžioje;Neringos sav.;viename km²;24.8
2007;Gyventojų tankis metų pradžioje;Neringos sav.;viename km²;24.5
2008;Gyventojų tankis metų pradžioje;Neringos sav.;viename km²;25.6
2009;Gyventojų tankis metų pradžioje;Neringos sav.;viename km²;27.5
2010;Gyventojų tankis metų pradžioje;Neringos sav.;viename km²;26.7
2011;Gyventojų tankis metų pradžioje;Neringos sav.;viename km²;28.5
2012;Gyventojų tankis metų pradžioje;Neringos sav.;viename km²;29.3
2013;Gyventojų tankis metų pradžioje;Neringos sav.;viename km²;30.2
2014;Gyventojų tankis metų pradžioje;Neringos sav.;viename km²;30.6
2015;Gyventojų tankis metų pradžioje;Neringos sav.;viename km²;32.0
2016;Gyventojų tankis metų pradžioje;Neringos sav.;viename km²;21.7
2017;Gyventojų tankis metų pradžioje;Neringos sav.;viename km²;22.3
2018;Gyventojų tankis metų pradžioje;Neringos sav.;viename km²;23.2
2019;Gyventojų tankis metų pradžioje;Neringos sav.;viename km²;24.9
2001;Gyventojų tankis metų pradžioje;Palangos m. sav.;viename km²;223.0
2002;Gyventojų tankis metų pradžioje;Palangos m. sav.;viename km²;219.9
2003;Gyventojų tankis metų pradžioje;Palangos m. sav.;viename km²;219.3
2004;Gyventojų tankis metų pradžioje;Palangos m. sav.;viename km²;218.0
2005;Gyventojų tankis metų pradžioje;Palangos m. sav.;viename km²;215.8
2006;Gyventojų tankis metų pradžioje;Palangos m. sav.;viename km²;211.4
2007;Gyventojų tankis metų pradžioje;Palangos m. sav.;viename km²;209.1
2008;Gyventojų tankis metų pradžioje;Palangos m. sav.;viename km²;207.4
2009;Gyventojų tankis metų pradžioje;Palangos m. sav.;viename km²;206.0
2010;Gyventojų tankis metų pradžioje;Palangos m. sav.;viename km²;205.2
2011;Gyventojų tankis metų pradžioje;Palangos m. sav.;viename km²;199.6
2012;Gyventojų tankis metų pradžioje;Palangos m. sav.;viename km²;196.4
2013;Gyventojų tankis metų pradžioje;Palangos m. sav.;viename km²;194.3
2014;Gyventojų tankis metų pradžioje;Palangos m. sav.;viename km²;194.4
2015;Gyventojų tankis metų pradžioje;Palangos m. sav.;viename km²;194.7
2016;Gyventojų tankis metų pradžioje;Palangos m. sav.;viename km²;196.7
2017;Gyventojų tankis metų pradžioje;Palangos m. sav.;viename km²;195.6
2018;Gyventojų tankis metų pradžioje;Palangos m. sav.;viename km²;194.7
2019;Gyventojų tankis metų pradžioje;Palangos m. sav.;viename km²;198.3
2001;Gyventojų tankis metų pradžioje;Skuodo r. sav.;viename km²;28.1
2002;Gyventojų tankis metų pradžioje;Skuodo r. sav.;viename km²;27.8
2003;Gyventojų tankis metų pradžioje;Skuodo r. sav.;viename km²;27.4
2004;Gyventojų tankis metų pradžioje;Skuodo r. sav.;viename km²;27.0
2005;Gyventojų tankis metų pradžioje;Skuodo r. sav.;viename km²;26.5
2006;Gyventojų tankis metų pradžioje;Skuodo r. sav.;viename km²;25.7
2007;Gyventojų tankis metų pradžioje;Skuodo r. sav.;viename km²;25.1
2008;Gyventojų tankis metų pradžioje;Skuodo r. sav.;viename km²;24.5
2009;Gyventojų tankis metų pradžioje;Skuodo r. sav.;viename km²;23.9
2010;Gyventojų tankis metų pradžioje;Skuodo r. sav.;viename km²;23.5
2011;Gyventojų tankis metų pradžioje;Skuodo r. sav.;viename km²;22.7
2012;Gyventojų tankis metų pradžioje;Skuodo r. sav.;viename km²;22.1
2013;Gyventojų tankis metų pradžioje;Skuodo r. sav.;viename km²;21.4
2014;Gyventojų tankis metų pradžioje;Skuodo r. sav.;viename km²;20.8
2015;Gyventojų tankis metų pradžioje;Skuodo r. sav.;viename km²;20.3
2016;Gyventojų tankis metų pradžioje;Skuodo r. sav.;viename km²;19.8
2017;Gyventojų tankis metų pradžioje;Skuodo r. sav.;viename km²;19.3
2018;Gyventojų tankis metų pradžioje;Skuodo r. sav.;viename km²;18.6
2019;Gyventojų tankis metų pradžioje;Skuodo r. sav.;viename km²;18.1
2001;Gyventojų tankis metų pradžioje;Šilutės r. sav.;viename km²;32.4
2002;Gyventojų tankis metų pradžioje;Šilutės r. sav.;viename km²;31.9
2003;Gyventojų tankis metų pradžioje;Šilutės r. sav.;viename km²;31.6
2004;Gyventojų tankis metų pradžioje;Šilutės r. sav.;viename km²;31.2
2005;Gyventojų tankis metų pradžioje;Šilutės r. sav.;viename km²;30.6
2006;Gyventojų tankis metų pradžioje;Šilutės r. sav.;viename km²;29.8
2007;Gyventojų tankis metų pradžioje;Šilutės r. sav.;viename km²;29.3
2008;Gyventojų tankis metų pradžioje;Šilutės r. sav.;viename km²;28.8
2009;Gyventojų tankis metų pradžioje;Šilutės r. sav.;viename km²;28.5
2010;Gyventojų tankis metų pradžioje;Šilutės r. sav.;viename km²;28.0
2011;Gyventojų tankis metų pradžioje;Šilutės r. sav.;viename km²;26.6
2012;Gyventojų tankis metų pradžioje;Šilutės r. sav.;viename km²;25.8
2013;Gyventojų tankis metų pradžioje;Šilutės r. sav.;viename km²;25.3
2014;Gyventojų tankis metų pradžioje;Šilutės r. sav.;viename km²;24.9
2015;Gyventojų tankis metų pradžioje;Šilutės r. sav.;viename km²;24.4
2016;Gyventojų tankis metų pradžioje;Šilutės r. sav.;viename km²;24.4
2017;Gyventojų tankis metų pradžioje;Šilutės r. sav.;viename km²;23.7
2018;Gyventojų tankis metų pradžioje;Šilutės r. sav.;viename km²;23.0
2019;Gyventojų tankis metų pradžioje;Šilutės r. sav.;viename km²;22.7
2001;Gyventojų tankis metų pradžioje;Kalvarijos sav.;viename km²;31.5
2002;Gyventojų tankis metų pradžioje;Kalvarijos sav.;viename km²;31.1
2003;Gyventojų tankis metų pradžioje;Kalvarijos sav.;viename km²;30.9
2004;Gyventojų tankis metų pradžioje;Kalvarijos sav.;viename km²;30.6
2005;Gyventojų tankis metų pradžioje;Kalvarijos sav.;viename km²;30.2
2006;Gyventojų tankis metų pradžioje;Kalvarijos sav.;viename km²;29.7
2007;Gyventojų tankis metų pradžioje;Kalvarijos sav.;viename km²;29.3
2008;Gyventojų tankis metų pradžioje;Kalvarijos sav.;viename km²;28.9
2009;Gyventojų tankis metų pradžioje;Kalvarijos sav.;viename km²;28.5
2010;Gyventojų tankis metų pradžioje;Kalvarijos sav.;viename km²;28.1
2011;Gyventojų tankis metų pradžioje;Kalvarijos sav.;viename km²;27.4
2012;Gyventojų tankis metų pradžioje;Kalvarijos sav.;viename km²;27.0
2013;Gyventojų tankis metų pradžioje;Kalvarijos sav.;viename km²;26.7
2014;Gyventojų tankis metų pradžioje;Kalvarijos sav.;viename km²;26.4
2015;Gyventojų tankis metų pradžioje;Kalvarijos sav.;viename km²;26.1
2016;Gyventojų tankis metų pradžioje;Kalvarijos sav.;viename km²;25.7
2017;Gyventojų tankis metų pradžioje;Kalvarijos sav.;viename km²;25.2
2018;Gyventojų tankis metų pradžioje;Kalvarijos sav.;viename km²;24.5
2019;Gyventojų tankis metų pradžioje;Kalvarijos sav.;viename km²;23.7
2001;Gyventojų tankis metų pradžioje;Kazlų Rūdos sav.;viename km²;26.9
2002;Gyventojų tankis metų pradžioje;Kazlų Rūdos sav.;viename km²;26.8
2003;Gyventojų tankis metų pradžioje;Kazlų Rūdos sav.;viename km²;26.6
2004;Gyventojų tankis metų pradžioje;Kazlų Rūdos sav.;viename km²;26.6
2005;Gyventojų tankis metų pradžioje;Kazlų Rūdos sav.;viename km²;26.5
2006;Gyventojų tankis metų pradžioje;Kazlų Rūdos sav.;viename km²;26.0
2007;Gyventojų tankis metų pradžioje;Kazlų Rūdos sav.;viename km²;25.7
2008;Gyventojų tankis metų pradžioje;Kazlų Rūdos sav.;viename km²;25.4
2009;Gyventojų tankis metų pradžioje;Kazlų Rūdos sav.;viename km²;25.1
2010;Gyventojų tankis metų pradžioje;Kazlų Rūdos sav.;viename km²;24.6
2011;Gyventojų tankis metų pradžioje;Kazlų Rūdos sav.;viename km²;23.9
2012;Gyventojų tankis metų pradžioje;Kazlų Rūdos sav.;viename km²;23.5
2013;Gyventojų tankis metų pradžioje;Kazlų Rūdos sav.;viename km²;23.0
2014;Gyventojų tankis metų pradžioje;Kazlų Rūdos sav.;viename km²;22.8
2015;Gyventojų tankis metų pradžioje;Kazlų Rūdos sav.;viename km²;22.5
2016;Gyventojų tankis metų pradžioje;Kazlų Rūdos sav.;viename km²;22.3
2017;Gyventojų tankis metų pradžioje;Kazlų Rūdos sav.;viename km²;21.9
2018;Gyventojų tankis metų pradžioje;Kazlų Rūdos sav.;viename km²;21.2
2019;Gyventojų tankis metų pradžioje;Kazlų Rūdos sav.;viename km²;20.7
2001;Gyventojų tankis metų pradžioje;Marijampolės sav.;viename km²;93.9
2002;Gyventojų tankis metų pradžioje;Marijampolės sav.;viename km²;93.1
2003;Gyventojų tankis metų pradžioje;Marijampolės sav.;viename km²;92.4
2004;Gyventojų tankis metų pradžioje;Marijampolės sav.;viename km²;91.5
2005;Gyventojų tankis metų pradžioje;Marijampolės sav.;viename km²;90.1
2006;Gyventojų tankis metų pradžioje;Marijampolės sav.;viename km²;88.4
2007;Gyventojų tankis metų pradžioje;Marijampolės sav.;viename km²;87.4
2008;Gyventojų tankis metų pradžioje;Marijampolės sav.;viename km²;86.2
2009;Gyventojų tankis metų pradžioje;Marijampolės sav.;viename km²;85.4
2010;Gyventojų tankis metų pradžioje;Marijampolės sav.;viename km²;84.1
2011;Gyventojų tankis metų pradžioje;Marijampolės sav.;viename km²;81.5
2012;Gyventojų tankis metų pradžioje;Marijampolės sav.;viename km²;80.1
2013;Gyventojų tankis metų pradžioje;Marijampolės sav.;viename km²;78.8
2014;Gyventojų tankis metų pradžioje;Marijampolės sav.;viename km²;77.7
2015;Gyventojų tankis metų pradžioje;Marijampolės sav.;viename km²;76.9
2016;Gyventojų tankis metų pradžioje;Marijampolės sav.;viename km²;75.6
2017;Gyventojų tankis metų pradžioje;Marijampolės sav.;viename km²;73.9
2018;Gyventojų tankis metų pradžioje;Marijampolės sav.;viename km²;72.3
2019;Gyventojų tankis metų pradžioje;Marijampolės sav.;viename km²;71.6
2001;Gyventojų tankis metų pradžioje;Marijampolės r. sav.;viename km²;
2002;Gyventojų tankis metų pradžioje;Marijampolės r. sav.;viename km²;
2003;Gyventojų tankis metų pradžioje;Marijampolės r. sav.;viename km²;
2004;Gyventojų tankis metų pradžioje;Marijampolės r. sav.;viename km²;
2005;Gyventojų tankis metų pradžioje;Marijampolės r. sav.;viename km²;
2006;Gyventojų tankis metų pradžioje;Marijampolės r. sav.;viename km²;
2007;Gyventojų tankis metų pradžioje;Marijampolės r. sav.;viename km²;
2008;Gyventojų tankis metų pradžioje;Marijampolės r. sav.;viename km²;
2009;Gyventojų tankis metų pradžioje;Marijampolės r. sav.;viename km²;
2010;Gyventojų tankis metų pradžioje;Marijampolės r. sav.;viename km²;
2011;Gyventojų tankis metų pradžioje;Marijampolės r. sav.;viename km²;
2012;Gyventojų tankis metų pradžioje;Marijampolės r. sav.;viename km²;
2013;Gyventojų tankis metų pradžioje;Marijampolės r. sav.;viename km²;
2014;Gyventojų tankis metų pradžioje;Marijampolės r. sav.;viename km²;
2015;Gyventojų tankis metų pradžioje;Marijampolės r. sav.;viename km²;
2016;Gyventojų tankis metų pradžioje;Marijampolės r. sav.;viename km²;
2017;Gyventojų tankis metų pradžioje;Marijampolės r. sav.;viename km²;
2018;Gyventojų tankis metų pradžioje;Marijampolės r. sav.;viename km²;
2019;Gyventojų tankis metų pradžioje;Marijampolės r. sav.;viename km²;
2001;Gyventojų tankis metų pradžioje;Šakių r. sav.;viename km²;26.7
2002;Gyventojų tankis metų pradžioje;Šakių r. sav.;viename km²;26.5
2003;Gyventojų tankis metų pradžioje;Šakių r. sav.;viename km²;26.3
2004;Gyventojų tankis metų pradžioje;Šakių r. sav.;viename km²;25.9
2005;Gyventojų tankis metų pradžioje;Šakių r. sav.;viename km²;25.5
2006;Gyventojų tankis metų pradžioje;Šakių r. sav.;viename km²;24.8
2007;Gyventojų tankis metų pradžioje;Šakių r. sav.;viename km²;24.4
2008;Gyventojų tankis metų pradžioje;Šakių r. sav.;viename km²;23.9
2009;Gyventojų tankis metų pradžioje;Šakių r. sav.;viename km²;23.5
2010;Gyventojų tankis metų pradžioje;Šakių r. sav.;viename km²;23.0
2011;Gyventojų tankis metų pradžioje;Šakių r. sav.;viename km²;22.4
2012;Gyventojų tankis metų pradžioje;Šakių r. sav.;viename km²;22.0
2013;Gyventojų tankis metų pradžioje;Šakių r. sav.;viename km²;21.6
2014;Gyventojų tankis metų pradžioje;Šakių r. sav.;viename km²;21.2
2015;Gyventojų tankis metų pradžioje;Šakių r. sav.;viename km²;20.9
2016;Gyventojų tankis metų pradžioje;Šakių r. sav.;viename km²;20.4
2017;Gyventojų tankis metų pradžioje;Šakių r. sav.;viename km²;19.9
2018;Gyventojų tankis metų pradžioje;Šakių r. sav.;viename km²;19.3
2019;Gyventojų tankis metų pradžioje;Šakių r. sav.;viename km²;18.8
2001;Gyventojų tankis metų pradžioje;Vilkaviškio r. sav.;viename km²;39.9
2002;Gyventojų tankis metų pradžioje;Vilkaviškio r. sav.;viename km²;39.7
2003;Gyventojų tankis metų pradžioje;Vilkaviškio r. sav.;viename km²;39.4
2004;Gyventojų tankis metų pradžioje;Vilkaviškio r. sav.;viename km²;39.0
2005;Gyventojų tankis metų pradžioje;Vilkaviškio r. sav.;viename km²;38.4
2006;Gyventojų tankis metų pradžioje;Vilkaviškio r. sav.;viename km²;37.4
2007;Gyventojų tankis metų pradžioje;Vilkaviškio r. sav.;viename km²;36.7
2008;Gyventojų tankis metų pradžioje;Vilkaviškio r. sav.;viename km²;36.1
2009;Gyventojų tankis metų pradžioje;Vilkaviškio r. sav.;viename km²;35.7
2010;Gyventojų tankis metų pradžioje;Vilkaviškio r. sav.;viename km²;35.1
2011;Gyventojų tankis metų pradžioje;Vilkaviškio r. sav.;viename km²;33.9
2012;Gyventojų tankis metų pradžioje;Vilkaviškio r. sav.;viename km²;33.2
2013;Gyventojų tankis metų pradžioje;Vilkaviškio r. sav.;viename km²;32.6
2014;Gyventojų tankis metų pradžioje;Vilkaviškio r. sav.;viename km²;32.0
2015;Gyventojų tankis metų pradžioje;Vilkaviškio r. sav.;viename km²;31.3
2016;Gyventojų tankis metų pradžioje;Vilkaviškio r. sav.;viename km²;30.6
2017;Gyventojų tankis metų pradžioje;Vilkaviškio r. sav.;viename km²;29.7
2018;Gyventojų tankis metų pradžioje;Vilkaviškio r. sav.;viename km²;28.6
2019;Gyventojų tankis metų pradžioje;Vilkaviškio r. sav.;viename km²;28.0
2001;Gyventojų tankis metų pradžioje;Biržų r. sav.;viename km²;24.1
2002;Gyventojų tankis metų pradžioje;Biržų r. sav.;viename km²;23.8
2003;Gyventojų tankis metų pradžioje;Biržų r. sav.;viename km²;23.5
2004;Gyventojų tankis metų pradžioje;Biržų r. sav.;viename km²;23.2
2005;Gyventojų tankis metų pradžioje;Biržų r. sav.;viename km²;22.7
2006;Gyventojų tankis metų pradžioje;Biržų r. sav.;viename km²;22.0
2007;Gyventojų tankis metų pradžioje;Biržų r. sav.;viename km²;21.5
2008;Gyventojų tankis metų pradžioje;Biržų r. sav.;viename km²;21.0
2009;Gyventojų tankis metų pradžioje;Biržų r. sav.;viename km²;20.4
2010;Gyventojų tankis metų pradžioje;Biržų r. sav.;viename km²;19.9
2011;Gyventojų tankis metų pradžioje;Biržų r. sav.;viename km²;19.2
2012;Gyventojų tankis metų pradžioje;Biržų r. sav.;viename km²;18.7
2013;Gyventojų tankis metų pradžioje;Biržų r. sav.;viename km²;18.3
2014;Gyventojų tankis metų pradžioje;Biržų r. sav.;viename km²;17.9
2015;Gyventojų tankis metų pradžioje;Biržų r. sav.;viename km²;17.6
2016;Gyventojų tankis metų pradžioje;Biržų r. sav.;viename km²;17.2
2017;Gyventojų tankis metų pradžioje;Biržų r. sav.;viename km²;16.7
2018;Gyventojų tankis metų pradžioje;Biržų r. sav.;viename km²;16.1
2019;Gyventojų tankis metų pradžioje;Biržų r. sav.;viename km²;15.7
2001;Gyventojų tankis metų pradžioje;Kupiškio r. sav.;viename km²;22.8
2002;Gyventojų tankis metų pradžioje;Kupiškio r. sav.;viename km²;22.7
2003;Gyventojų tankis metų pradžioje;Kupiškio r. sav.;viename km²;22.4
2004;Gyventojų tankis metų pradžioje;Kupiškio r. sav.;viename km²;22.1
2005;Gyventojų tankis metų pradžioje;Kupiškio r. sav.;viename km²;21.7
2006;Gyventojų tankis metų pradžioje;Kupiškio r. sav.;viename km²;21.2
2007;Gyventojų tankis metų pradžioje;Kupiškio r. sav.;viename km²;20.8
2008;Gyventojų tankis metų pradžioje;Kupiškio r. sav.;viename km²;20.4
2009;Gyventojų tankis metų pradžioje;Kupiškio r. sav.;viename km²;20.0
2010;Gyventojų tankis metų pradžioje;Kupiškio r. sav.;viename km²;19.5
2011;Gyventojų tankis metų pradžioje;Kupiškio r. sav.;viename km²;18.8
2012;Gyventojų tankis metų pradžioje;Kupiškio r. sav.;viename km²;18.4
2013;Gyventojų tankis metų pradžioje;Kupiškio r. sav.;viename km²;18.0
2014;Gyventojų tankis metų pradžioje;Kupiškio r. sav.;viename km²;17.6
2015;Gyventojų tankis metų pradžioje;Kupiškio r. sav.;viename km²;17.3
2016;Gyventojų tankis metų pradžioje;Kupiškio r. sav.;viename km²;16.9
2017;Gyventojų tankis metų pradžioje;Kupiškio r. sav.;viename km²;16.4
2018;Gyventojų tankis metų pradžioje;Kupiškio r. sav.;viename km²;15.8
2019;Gyventojų tankis metų pradžioje;Kupiškio r. sav.;viename km²;15.5
2001;Gyventojų tankis metų pradžioje;Panevėžio m. sav.;viename km²;2396.2
2002;Gyventojų tankis metų pradžioje;Panevėžio m. sav.;viename km²;2364.6
2003;Gyventojų tankis metų pradžioje;Panevėžio m. sav.;viename km²;2338.5
2004;Gyventojų tankis metų pradžioje;Panevėžio m. sav.;viename km²;2298.3
2005;Gyventojų tankis metų pradžioje;Panevėžio m. sav.;viename km²;2250.9
2006;Gyventojų tankis metų pradžioje;Panevėžio m. sav.;viename km²;2198.0
2007;Gyventojų tankis metų pradžioje;Panevėžio m. sav.;viename km²;2166.3
2008;Gyventojų tankis metų pradžioje;Panevėžio m. sav.;viename km²;2129.9
2009;Gyventojų tankis metų pradžioje;Panevėžio m. sav.;viename km²;2095.9
2010;Gyventojų tankis metų pradžioje;Panevėžio m. sav.;viename km²;2062.0
2011;Gyventojų tankis metų pradžioje;Panevėžio m. sav.;viename km²;2000.5
2012;Gyventojų tankis metų pradžioje;Panevėžio m. sav.;viename km²;1969.4
2013;Gyventojų tankis metų pradžioje;Panevėžio m. sav.;viename km²;1946.9
2014;Gyventojų tankis metų pradžioje;Panevėžio m. sav.;viename km²;1926.6
2015;Gyventojų tankis metų pradžioje;Panevėžio m. sav.;viename km²;1904.0
2016;Gyventojų tankis metų pradžioje;Panevėžio m. sav.;viename km²;1872.0
2017;Gyventojų tankis metų pradžioje;Panevėžio m. sav.;viename km²;1821.1
2018;Gyventojų tankis metų pradžioje;Panevėžio m. sav.;viename km²;1773.6
2019;Gyventojų tankis metų pradžioje;Panevėžio m. sav.;viename km²;1742.8
2001;Gyventojų tankis metų pradžioje;Panevėžio r. sav.;viename km²;19.7
2002;Gyventojų tankis metų pradžioje;Panevėžio r. sav.;viename km²;19.6
2003;Gyventojų tankis metų pradžioje;Panevėžio r. sav.;viename km²;19.6
2004;Gyventojų tankis metų pradžioje;Panevėžio r. sav.;viename km²;19.5
2005;Gyventojų tankis metų pradžioje;Panevėžio r. sav.;viename km²;19.5
2006;Gyventojų tankis metų pradžioje;Panevėžio r. sav.;viename km²;19.2
2007;Gyventojų tankis metų pradžioje;Panevėžio r. sav.;viename km²;19.1
2008;Gyventojų tankis metų pradžioje;Panevėžio r. sav.;viename km²;18.9
2009;Gyventojų tankis metų pradžioje;Panevėžio r. sav.;viename km²;18.8
2010;Gyventojų tankis metų pradžioje;Panevėžio r. sav.;viename km²;18.5
2011;Gyventojų tankis metų pradžioje;Panevėžio r. sav.;viename km²;18.0
2012;Gyventojų tankis metų pradžioje;Panevėžio r. sav.;viename km²;17.6
2013;Gyventojų tankis metų pradžioje;Panevėžio r. sav.;viename km²;17.4
2014;Gyventojų tankis metų pradžioje;Panevėžio r. sav.;viename km²;17.2
2015;Gyventojų tankis metų pradžioje;Panevėžio r. sav.;viename km²;17.1
2016;Gyventojų tankis metų pradžioje;Panevėžio r. sav.;viename km²;16.9
2017;Gyventojų tankis metų pradžioje;Panevėžio r. sav.;viename km²;16.7
2018;Gyventojų tankis metų pradžioje;Panevėžio r. sav.;viename km²;16.4
2019;Gyventojų tankis metų pradžioje;Panevėžio r. sav.;viename km²;16.3
2001;Gyventojų tankis metų pradžioje;Pasvalio r. sav.;viename km²;27.1
2002;Gyventojų tankis metų pradžioje;Pasvalio r. sav.;viename km²;26.8
2003;Gyventojų tankis metų pradžioje;Pasvalio r. sav.;viename km²;26.5
2004;Gyventojų tankis metų pradžioje;Pasvalio r. sav.;viename km²;26.1
2005;Gyventojų tankis metų pradžioje;Pasvalio r. sav.;viename km²;25.5
2006;Gyventojų tankis metų pradžioje;Pasvalio r. sav.;viename km²;24.7
2007;Gyventojų tankis metų pradžioje;Pasvalio r. sav.;viename km²;24.2
2008;Gyventojų tankis metų pradžioje;Pasvalio r. sav.;viename km²;23.7
2009;Gyventojų tankis metų pradžioje;Pasvalio r. sav.;viename km²;23.3
2010;Gyventojų tankis metų pradžioje;Pasvalio r. sav.;viename km²;22.8
2011;Gyventojų tankis metų pradžioje;Pasvalio r. sav.;viename km²;22.1
2012;Gyventojų tankis metų pradžioje;Pasvalio r. sav.;viename km²;21.5
2013;Gyventojų tankis metų pradžioje;Pasvalio r. sav.;viename km²;21.1
2014;Gyventojų tankis metų pradžioje;Pasvalio r. sav.;viename km²;20.7
2015;Gyventojų tankis metų pradžioje;Pasvalio r. sav.;viename km²;20.3
2016;Gyventojų tankis metų pradžioje;Pasvalio r. sav.;viename km²;19.9
2017;Gyventojų tankis metų pradžioje;Pasvalio r. sav.;viename km²;19.2
2018;Gyventojų tankis metų pradžioje;Pasvalio r. sav.;viename km²;18.6
2019;Gyventojų tankis metų pradžioje;Pasvalio r. sav.;viename km²;18.1
2001;Gyventojų tankis metų pradžioje;Rokiškio r. sav.;viename km²;23.5
2002;Gyventojų tankis metų pradžioje;Rokiškio r. sav.;viename km²;23.2
2003;Gyventojų tankis metų pradžioje;Rokiškio r. sav.;viename km²;22.9
2004;Gyventojų tankis metų pradžioje;Rokiškio r. sav.;viename km²;22.6
2005;Gyventojų tankis metų pradžioje;Rokiškio r. sav.;viename km²;22.2
2006;Gyventojų tankis metų pradžioje;Rokiškio r. sav.;viename km²;21.6
2007;Gyventojų tankis metų pradžioje;Rokiškio r. sav.;viename km²;21.2
2008;Gyventojų tankis metų pradžioje;Rokiškio r. sav.;viename km²;20.8
2009;Gyventojų tankis metų pradžioje;Rokiškio r. sav.;viename km²;20.3
2010;Gyventojų tankis metų pradžioje;Rokiškio r. sav.;viename km²;19.9
2011;Gyventojų tankis metų pradžioje;Rokiškio r. sav.;viename km²;19.4
2012;Gyventojų tankis metų pradžioje;Rokiškio r. sav.;viename km²;18.9
2013;Gyventojų tankis metų pradžioje;Rokiškio r. sav.;viename km²;18.5
2014;Gyventojų tankis metų pradžioje;Rokiškio r. sav.;viename km²;18.1
2015;Gyventojų tankis metų pradžioje;Rokiškio r. sav.;viename km²;17.8
2016;Gyventojų tankis metų pradžioje;Rokiškio r. sav.;viename km²;17.4
2017;Gyventojų tankis metų pradžioje;Rokiškio r. sav.;viename km²;16.9
2018;Gyventojų tankis metų pradžioje;Rokiškio r. sav.;viename km²;16.3
2019;Gyventojų tankis metų pradžioje;Rokiškio r. sav.;viename km²;15.9
2001;Gyventojų tankis metų pradžioje;Akmenės r. sav.;viename km²;35.9
2002;Gyventojų tankis metų pradžioje;Akmenės r. sav.;viename km²;35.5
2003;Gyventojų tankis metų pradžioje;Akmenės r. sav.;viename km²;35.0
2004;Gyventojų tankis metų pradžioje;Akmenės r. sav.;viename km²;34.3
2005;Gyventojų tankis metų pradžioje;Akmenės r. sav.;viename km²;33.5
2006;Gyventojų tankis metų pradžioje;Akmenės r. sav.;viename km²;32.4
2007;Gyventojų tankis metų pradžioje;Akmenės r. sav.;viename km²;31.6
2008;Gyventojų tankis metų pradžioje;Akmenės r. sav.;viename km²;30.8
2009;Gyventojų tankis metų pradžioje;Akmenės r. sav.;viename km²;30.0
2010;Gyventojų tankis metų pradžioje;Akmenės r. sav.;viename km²;29.0
2011;Gyventojų tankis metų pradžioje;Akmenės r. sav.;viename km²;27.8
2012;Gyventojų tankis metų pradžioje;Akmenės r. sav.;viename km²;27.0
2013;Gyventojų tankis metų pradžioje;Akmenės r. sav.;viename km²;26.3
2014;Gyventojų tankis metų pradžioje;Akmenės r. sav.;viename km²;25.7
2015;Gyventojų tankis metų pradžioje;Akmenės r. sav.;viename km²;25.3
2016;Gyventojų tankis metų pradžioje;Akmenės r. sav.;viename km²;24.7
2017;Gyventojų tankis metų pradžioje;Akmenės r. sav.;viename km²;23.9
2018;Gyventojų tankis metų pradžioje;Akmenės r. sav.;viename km²;23.2
2019;Gyventojų tankis metų pradžioje;Akmenės r. sav.;viename km²;22.7
2001;Gyventojų tankis metų pradžioje;Joniškio r. sav.;viename km²;27.7
2002;Gyventojų tankis metų pradžioje;Joniškio r. sav.;viename km²;27.5
2003;Gyventojų tankis metų pradžioje;Joniškio r. sav.;viename km²;27.2
2004;Gyventojų tankis metų pradžioje;Joniškio r. sav.;viename km²;26.9
2005;Gyventojų tankis metų pradžioje;Joniškio r. sav.;viename km²;26.5
2006;Gyventojų tankis metų pradžioje;Joniškio r. sav.;viename km²;25.8
2007;Gyventojų tankis metų pradžioje;Joniškio r. sav.;viename km²;25.2
2008;Gyventojų tankis metų pradžioje;Joniškio r. sav.;viename km²;24.8
2009;Gyventojų tankis metų pradžioje;Joniškio r. sav.;viename km²;24.4
2010;Gyventojų tankis metų pradžioje;Joniškio r. sav.;viename km²;23.8
2011;Gyventojų tankis metų pradžioje;Joniškio r. sav.;viename km²;22.8
2012;Gyventojų tankis metų pradžioje;Joniškio r. sav.;viename km²;22.2
2013;Gyventojų tankis metų pradžioje;Joniškio r. sav.;viename km²;21.6
2014;Gyventojų tankis metų pradžioje;Joniškio r. sav.;viename km²;21.1
2015;Gyventojų tankis metų pradžioje;Joniškio r. sav.;viename km²;20.7
2016;Gyventojų tankis metų pradžioje;Joniškio r. sav.;viename km²;20.1
2017;Gyventojų tankis metų pradžioje;Joniškio r. sav.;viename km²;19.5
2018;Gyventojų tankis metų pradžioje;Joniškio r. sav.;viename km²;18.8
2019;Gyventojų tankis metų pradžioje;Joniškio r. sav.;viename km²;18.3
2001;Gyventojų tankis metų pradžioje;Kelmės r. sav.;viename km²;24.0
2002;Gyventojų tankis metų pradžioje;Kelmės r. sav.;viename km²;23.7
2003;Gyventojų tankis metų pradžioje;Kelmės r. sav.;viename km²;23.6
2004;Gyventojų tankis metų pradžioje;Kelmės r. sav.;viename km²;23.2
2005;Gyventojų tankis metų pradžioje;Kelmės r. sav.;viename km²;22.6
2006;Gyventojų tankis metų pradžioje;Kelmės r. sav.;viename km²;21.9
2007;Gyventojų tankis metų pradžioje;Kelmės r. sav.;viename km²;21.4
2008;Gyventojų tankis metų pradžioje;Kelmės r. sav.;viename km²;20.9
2009;Gyventojų tankis metų pradžioje;Kelmės r. sav.;viename km²;20.4
2010;Gyventojų tankis metų pradžioje;Kelmės r. sav.;viename km²;19.8
2011;Gyventojų tankis metų pradžioje;Kelmės r. sav.;viename km²;19.1
2012;Gyventojų tankis metų pradžioje;Kelmės r. sav.;viename km²;18.6
2013;Gyventojų tankis metų pradžioje;Kelmės r. sav.;viename km²;18.2
2014;Gyventojų tankis metų pradžioje;Kelmės r. sav.;viename km²;17.8
2015;Gyventojų tankis metų pradžioje;Kelmės r. sav.;viename km²;17.3
2016;Gyventojų tankis metų pradžioje;Kelmės r. sav.;viename km²;16.8
2017;Gyventojų tankis metų pradžioje;Kelmės r. sav.;viename km²;16.3
2018;Gyventojų tankis metų pradžioje;Kelmės r. sav.;viename km²;15.7
2019;Gyventojų tankis metų pradžioje;Kelmės r. sav.;viename km²;15.3
2001;Gyventojų tankis metų pradžioje;Pakruojo r. sav.;viename km²;22.4
2002;Gyventojų tankis metų pradžioje;Pakruojo r. sav.;viename km²;22.2
2003;Gyventojų tankis metų pradžioje;Pakruojo r. sav.;viename km²;22.0
2004;Gyventojų tankis metų pradžioje;Pakruojo r. sav.;viename km²;21.7
2005;Gyventojų tankis metų pradžioje;Pakruojo r. sav.;viename km²;21.3
2006;Gyventojų tankis metų pradžioje;Pakruojo r. sav.;viename km²;20.7
2007;Gyventojų tankis metų pradžioje;Pakruojo r. sav.;viename km²;20.2
2008;Gyventojų tankis metų pradžioje;Pakruojo r. sav.;viename km²;19.7
2009;Gyventojų tankis metų pradžioje;Pakruojo r. sav.;viename km²;19.3
2010;Gyventojų tankis metų pradžioje;Pakruojo r. sav.;viename km²;18.8
2011;Gyventojų tankis metų pradžioje;Pakruojo r. sav.;viename km²;18.1
2012;Gyventojų tankis metų pradžioje;Pakruojo r. sav.;viename km²;17.6
2013;Gyventojų tankis metų pradžioje;Pakruojo r. sav.;viename km²;17.1
2014;Gyventojų tankis metų pradžioje;Pakruojo r. sav.;viename km²;16.7
2015;Gyventojų tankis metų pradžioje;Pakruojo r. sav.;viename km²;16.4
2016;Gyventojų tankis metų pradžioje;Pakruojo r. sav.;viename km²;15.9
2017;Gyventojų tankis metų pradžioje;Pakruojo r. sav.;viename km²;15.4
2018;Gyventojų tankis metų pradžioje;Pakruojo r. sav.;viename km²;14.9
2019;Gyventojų tankis metų pradžioje;Pakruojo r. sav.;viename km²;14.5
2001;Gyventojų tankis metų pradžioje;Radviliškio r. sav.;viename km²;31.9
2002;Gyventojų tankis metų pradžioje;Radviliškio r. sav.;viename km²;31.6
2003;Gyventojų tankis metų pradžioje;Radviliškio r. sav.;viename km²;31.3
2004;Gyventojų tankis metų pradžioje;Radviliškio r. sav.;viename km²;31.0
2005;Gyventojų tankis metų pradžioje;Radviliškio r. sav.;viename km²;30.4
2006;Gyventojų tankis metų pradžioje;Radviliškio r. sav.;viename km²;29.6
2007;Gyventojų tankis metų pradžioje;Radviliškio r. sav.;viename km²;29.1
2008;Gyventojų tankis metų pradžioje;Radviliškio r. sav.;viename km²;28.6
2009;Gyventojų tankis metų pradžioje;Radviliškio r. sav.;viename km²;27.9
2010;Gyventojų tankis metų pradžioje;Radviliškio r. sav.;viename km²;27.2
2011;Gyventojų tankis metų pradžioje;Radviliškio r. sav.;viename km²;26.1
2012;Gyventojų tankis metų pradžioje;Radviliškio r. sav.;viename km²;25.4
2013;Gyventojų tankis metų pradžioje;Radviliškio r. sav.;viename km²;24.8
2014;Gyventojų tankis metų pradžioje;Radviliškio r. sav.;viename km²;24.3
2015;Gyventojų tankis metų pradžioje;Radviliškio r. sav.;viename km²;23.9
2016;Gyventojų tankis metų pradžioje;Radviliškio r. sav.;viename km²;23.4
2017;Gyventojų tankis metų pradžioje;Radviliškio r. sav.;viename km²;22.7
2018;Gyventojų tankis metų pradžioje;Radviliškio r. sav.;viename km²;22.1
2019;Gyventojų tankis metų pradžioje;Radviliškio r. sav.;viename km²;21.7
2001;Gyventojų tankis metų pradžioje;Šiaulių m. sav.;viename km²;1654.7
2002;Gyventojų tankis metų pradžioje;Šiaulių m. sav.;viename km²;1629.3
2003;Gyventojų tankis metų pradžioje;Šiaulių m. sav.;viename km²;1609.5
2004;Gyventojų tankis metų pradžioje;Šiaulių m. sav.;viename km²;1577.8
2005;Gyventojų tankis metų pradžioje;Šiaulių m. sav.;viename km²;1547.7
2006;Gyventojų tankis metų pradžioje;Šiaulių m. sav.;viename km²;1509.1
2007;Gyventojų tankis metų pradžioje;Šiaulių m. sav.;viename km²;1484.8
2008;Gyventojų tankis metų pradžioje;Šiaulių m. sav.;viename km²;1454.7
2009;Gyventojų tankis metų pradžioje;Šiaulių m. sav.;viename km²;1434.5
2010;Gyventojų tankis metų pradžioje;Šiaulių m. sav.;viename km²;1413.7
2011;Gyventojų tankis metų pradžioje;Šiaulių m. sav.;viename km²;1354.9
2012;Gyventojų tankis metų pradžioje;Šiaulių m. sav.;viename km²;1329.5
2013;Gyventojų tankis metų pradžioje;Šiaulių m. sav.;viename km²;1314.4
2014;Gyventojų tankis metų pradžioje;Šiaulių m. sav.;viename km²;1303.8
2015;Gyventojų tankis metų pradžioje;Šiaulių m. sav.;viename km²;1291.0
2016;Gyventojų tankis metų pradžioje;Šiaulių m. sav.;viename km²;1271.4
2017;Gyventojų tankis metų pradžioje;Šiaulių m. sav.;viename km²;1249.6
2018;Gyventojų tankis metų pradžioje;Šiaulių m. sav.;viename km²;1241.7
2019;Gyventojų tankis metų pradžioje;Šiaulių m. sav.;viename km²;1236.2
2001;Gyventojų tankis metų pradžioje;Šiaulių r. sav.;viename km²;28.6
2002;Gyventojų tankis metų pradžioje;Šiaulių r. sav.;viename km²;28.5
2003;Gyventojų tankis metų pradžioje;Šiaulių r. sav.;viename km²;28.4
2004;Gyventojų tankis metų pradžioje;Šiaulių r. sav.;viename km²;28.2
2005;Gyventojų tankis metų pradžioje;Šiaulių r. sav.;viename km²;28.0
2006;Gyventojų tankis metų pradžioje;Šiaulių r. sav.;viename km²;27.3
2007;Gyventojų tankis metų pradžioje;Šiaulių r. sav.;viename km²;26.9
2008;Gyventojų tankis metų pradžioje;Šiaulių r. sav.;viename km²;26.6
2009;Gyventojų tankis metų pradžioje;Šiaulių r. sav.;viename km²;26.5
2010;Gyventojų tankis metų pradžioje;Šiaulių r. sav.;viename km²;25.9
2011;Gyventojų tankis metų pradžioje;Šiaulių r. sav.;viename km²;24.7
2012;Gyventojų tankis metų pradžioje;Šiaulių r. sav.;viename km²;24.0
2013;Gyventojų tankis metų pradžioje;Šiaulių r. sav.;viename km²;23.7
2014;Gyventojų tankis metų pradžioje;Šiaulių r. sav.;viename km²;23.4
2015;Gyventojų tankis metų pradžioje;Šiaulių r. sav.;viename km²;23.1
2016;Gyventojų tankis metų pradžioje;Šiaulių r. sav.;viename km²;23.0
2017;Gyventojų tankis metų pradžioje;Šiaulių r. sav.;viename km²;22.9
2018;Gyventojų tankis metų pradžioje;Šiaulių r. sav.;viename km²;22.8
2019;Gyventojų tankis metų pradžioje;Šiaulių r. sav.;viename km²;23.0
2001;Gyventojų tankis metų pradžioje;Jurbarko r. sav.;viename km²;25.1
2002;Gyventojų tankis metų pradžioje;Jurbarko r. sav.;viename km²;24.7
2003;Gyventojų tankis metų pradžioje;Jurbarko r. sav.;viename km²;24.5
2004;Gyventojų tankis metų pradžioje;Jurbarko r. sav.;viename km²;24.1
2005;Gyventojų tankis metų pradžioje;Jurbarko r. sav.;viename km²;23.6
2006;Gyventojų tankis metų pradžioje;Jurbarko r. sav.;viename km²;22.8
2007;Gyventojų tankis metų pradžioje;Jurbarko r. sav.;viename km²;22.4
2008;Gyventojų tankis metų pradžioje;Jurbarko r. sav.;viename km²;21.9
2009;Gyventojų tankis metų pradžioje;Jurbarko r. sav.;viename km²;21.4
2010;Gyventojų tankis metų pradžioje;Jurbarko r. sav.;viename km²;20.9
2011;Gyventojų tankis metų pradžioje;Jurbarko r. sav.;viename km²;20.1
2012;Gyventojų tankis metų pradžioje;Jurbarko r. sav.;viename km²;19.7
2013;Gyventojų tankis metų pradžioje;Jurbarko r. sav.;viename km²;19.4
2014;Gyventojų tankis metų pradžioje;Jurbarko r. sav.;viename km²;19.0
2015;Gyventojų tankis metų pradžioje;Jurbarko r. sav.;viename km²;18.7
2016;Gyventojų tankis metų pradžioje;Jurbarko r. sav.;viename km²;18.3
2017;Gyventojų tankis metų pradžioje;Jurbarko r. sav.;viename km²;17.8
2018;Gyventojų tankis metų pradžioje;Jurbarko r. sav.;viename km²;17.3
2019;Gyventojų tankis metų pradžioje;Jurbarko r. sav.;viename km²;16.9
2001;Gyventojų tankis metų pradžioje;Pagėgių sav.;viename km²;22.7
2002;Gyventojų tankis metų pradžioje;Pagėgių sav.;viename km²;22.5
2003;Gyventojų tankis metų pradžioje;Pagėgių sav.;viename km²;22.3
2004;Gyventojų tankis metų pradžioje;Pagėgių sav.;viename km²;21.9
2005;Gyventojų tankis metų pradžioje;Pagėgių sav.;viename km²;21.4
2006;Gyventojų tankis metų pradžioje;Pagėgių sav.;viename km²;20.7
2007;Gyventojų tankis metų pradžioje;Pagėgių sav.;viename km²;20.1
2008;Gyventojų tankis metų pradžioje;Pagėgių sav.;viename km²;19.5
2009;Gyventojų tankis metų pradžioje;Pagėgių sav.;viename km²;19.0
2010;Gyventojų tankis metų pradžioje;Pagėgių sav.;viename km²;18.5
2011;Gyventojų tankis metų pradžioje;Pagėgių sav.;viename km²;17.8
2012;Gyventojų tankis metų pradžioje;Pagėgių sav.;viename km²;17.3
2013;Gyventojų tankis metų pradžioje;Pagėgių sav.;viename km²;17.0
2014;Gyventojų tankis metų pradžioje;Pagėgių sav.;viename km²;16.6
2015;Gyventojų tankis metų pradžioje;Pagėgių sav.;viename km²;16.3
2016;Gyventojų tankis metų pradžioje;Pagėgių sav.;viename km²;15.7
2017;Gyventojų tankis metų pradžioje;Pagėgių sav.;viename km²;15.1
2018;Gyventojų tankis metų pradžioje;Pagėgių sav.;viename km²;14.6
2019;Gyventojų tankis metų pradžioje;Pagėgių sav.;viename km²;14.1
2001;Gyventojų tankis metų pradžioje;Šilalės r. sav.;viename km²;26.5
2002;Gyventojų tankis metų pradžioje;Šilalės r. sav.;viename km²;26.4
2003;Gyventojų tankis metų pradžioje;Šilalės r. sav.;viename km²;26.2
2004;Gyventojų tankis metų pradžioje;Šilalės r. sav.;viename km²;25.9
2005;Gyventojų tankis metų pradžioje;Šilalės r. sav.;viename km²;25.5
2006;Gyventojų tankis metų pradžioje;Šilalės r. sav.;viename km²;24.9
2007;Gyventojų tankis metų pradžioje;Šilalės r. sav.;viename km²;24.4
2008;Gyventojų tankis metų pradžioje;Šilalės r. sav.;viename km²;23.9
2009;Gyventojų tankis metų pradžioje;Šilalės r. sav.;viename km²;23.5
2010;Gyventojų tankis metų pradžioje;Šilalės r. sav.;viename km²;23.1
2011;Gyventojų tankis metų pradžioje;Šilalės r. sav.;viename km²;22.4
2012;Gyventojų tankis metų pradžioje;Šilalės r. sav.;viename km²;21.9
2013;Gyventojų tankis metų pradžioje;Šilalės r. sav.;viename km²;21.5
2014;Gyventojų tankis metų pradžioje;Šilalės r. sav.;viename km²;21.2
2015;Gyventojų tankis metų pradžioje;Šilalės r. sav.;viename km²;20.9
2016;Gyventojų tankis metų pradžioje;Šilalės r. sav.;viename km²;20.6
2017;Gyventojų tankis metų pradžioje;Šilalės r. sav.;viename km²;20.0
2018;Gyventojų tankis metų pradžioje;Šilalės r. sav.;viename km²;19.4
2019;Gyventojų tankis metų pradžioje;Šilalės r. sav.;viename km²;18.9
2001;Gyventojų tankis metų pradžioje;Tauragės r. sav.;viename km²;44.7
2002;Gyventojų tankis metų pradžioje;Tauragės r. sav.;viename km²;44.3
2003;Gyventojų tankis metų pradžioje;Tauragės r. sav.;viename km²;44.0
2004;Gyventojų tankis metų pradžioje;Tauragės r. sav.;viename km²;43.6
2005;Gyventojų tankis metų pradžioje;Tauragės r. sav.;viename km²;42.7
2006;Gyventojų tankis metų pradžioje;Tauragės r. sav.;viename km²;41.5
2007;Gyventojų tankis metų pradžioje;Tauragės r. sav.;viename km²;40.8
2008;Gyventojų tankis metų pradžioje;Tauragės r. sav.;viename km²;40.1
2009;Gyventojų tankis metų pradžioje;Tauragės r. sav.;viename km²;39.6
2010;Gyventojų tankis metų pradžioje;Tauragės r. sav.;viename km²;38.9
2011;Gyventojų tankis metų pradžioje;Tauragės r. sav.;viename km²;37.4
2012;Gyventojų tankis metų pradžioje;Tauragės r. sav.;viename km²;36.6
2013;Gyventojų tankis metų pradžioje;Tauragės r. sav.;viename km²;36.0
2014;Gyventojų tankis metų pradžioje;Tauragės r. sav.;viename km²;35.5
2015;Gyventojų tankis metų pradžioje;Tauragės r. sav.;viename km²;35.1
2016;Gyventojų tankis metų pradžioje;Tauragės r. sav.;viename km²;34.6
2017;Gyventojų tankis metų pradžioje;Tauragės r. sav.;viename km²;33.9
2018;Gyventojų tankis metų pradžioje;Tauragės r. sav.;viename km²;33.0
2019;Gyventojų tankis metų pradžioje;Tauragės r. sav.;viename km²;32.5
2001;Gyventojų tankis metų pradžioje;Mažeikių r. sav.;viename km²;55.2
2002;Gyventojų tankis metų pradžioje;Mažeikių r. sav.;viename km²;54.8
2003;Gyventojų tankis metų pradžioje;Mažeikių r. sav.;viename km²;54.5
2004;Gyventojų tankis metų pradžioje;Mažeikių r. sav.;viename km²;54.0
2005;Gyventojų tankis metų pradžioje;Mažeikių r. sav.;viename km²;53.2
2006;Gyventojų tankis metų pradžioje;Mažeikių r. sav.;viename km²;52.1
2007;Gyventojų tankis metų pradžioje;Mažeikių r. sav.;viename km²;51.4
2008;Gyventojų tankis metų pradžioje;Mažeikių r. sav.;viename km²;50.8
2009;Gyventojų tankis metų pradžioje;Mažeikių r. sav.;viename km²;50.4
2010;Gyventojų tankis metų pradžioje;Mažeikių r. sav.;viename km²;49.6
2011;Gyventojų tankis metų pradžioje;Mažeikių r. sav.;viename km²;47.9
2012;Gyventojų tankis metų pradžioje;Mažeikių r. sav.;viename km²;47.1
2013;Gyventojų tankis metų pradžioje;Mažeikių r. sav.;viename km²;46.5
2014;Gyventojų tankis metų pradžioje;Mažeikių r. sav.;viename km²;46.0
2015;Gyventojų tankis metų pradžioje;Mažeikių r. sav.;viename km²;45.5
2016;Gyventojų tankis metų pradžioje;Mažeikių r. sav.;viename km²;44.9
2017;Gyventojų tankis metų pradžioje;Mažeikių r. sav.;viename km²;43.8
2018;Gyventojų tankis metų pradžioje;Mažeikių r. sav.;viename km²;42.8
2019;Gyventojų tankis metų pradžioje;Mažeikių r. sav.;viename km²;42.2
2001;Gyventojų tankis metų pradžioje;Plungės r. sav.;viename km²;40.0
2002;Gyventojų tankis metų pradžioje;Plungės r. sav.;viename km²;39.6
2003;Gyventojų tankis metų pradžioje;Plungės r. sav.;viename km²;39.5
2004;Gyventojų tankis metų pradžioje;Plungės r. sav.;viename km²;39.2
2005;Gyventojų tankis metų pradžioje;Plungės r. sav.;viename km²;38.8
2006;Gyventojų tankis metų pradžioje;Plungės r. sav.;viename km²;37.6
2007;Gyventojų tankis metų pradžioje;Plungės r. sav.;viename km²;37.1
2008;Gyventojų tankis metų pradžioje;Plungės r. sav.;viename km²;36.6
2009;Gyventojų tankis metų pradžioje;Plungės r. sav.;viename km²;36.3
2010;Gyventojų tankis metų pradžioje;Plungės r. sav.;viename km²;35.8
2011;Gyventojų tankis metų pradžioje;Plungės r. sav.;viename km²;34.6
2012;Gyventojų tankis metų pradžioje;Plungės r. sav.;viename km²;34.0
2013;Gyventojų tankis metų pradžioje;Plungės r. sav.;viename km²;33.6
2014;Gyventojų tankis metų pradžioje;Plungės r. sav.;viename km²;33.0
2015;Gyventojų tankis metų pradžioje;Plungės r. sav.;viename km²;32.6
2016;Gyventojų tankis metų pradžioje;Plungės r. sav.;viename km²;32.1
2017;Gyventojų tankis metų pradžioje;Plungės r. sav.;viename km²;31.4
2018;Gyventojų tankis metų pradžioje;Plungės r. sav.;viename km²;30.5
2019;Gyventojų tankis metų pradžioje;Plungės r. sav.;viename km²;30.1
2001;Gyventojų tankis metų pradžioje;Rietavo sav.;viename km²;18.2
2002;Gyventojų tankis metų pradžioje;Rietavo sav.;viename km²;18.1
2003;Gyventojų tankis metų pradžioje;Rietavo sav.;viename km²;17.8
2004;Gyventojų tankis metų pradžioje;Rietavo sav.;viename km²;17.6
2005;Gyventojų tankis metų pradžioje;Rietavo sav.;viename km²;17.3
2006;Gyventojų tankis metų pradžioje;Rietavo sav.;viename km²;16.8
2007;Gyventojų tankis metų pradžioje;Rietavo sav.;viename km²;16.5
2008;Gyventojų tankis metų pradžioje;Rietavo sav.;viename km²;16.1
2009;Gyventojų tankis metų pradžioje;Rietavo sav.;viename km²;15.7
2010;Gyventojų tankis metų pradžioje;Rietavo sav.;viename km²;15.3
2011;Gyventojų tankis metų pradžioje;Rietavo sav.;viename km²;14.9
2012;Gyventojų tankis metų pradžioje;Rietavo sav.;viename km²;14.6
2013;Gyventojų tankis metų pradžioje;Rietavo sav.;viename km²;14.3
2014;Gyventojų tankis metų pradžioje;Rietavo sav.;viename km²;14.1
2015;Gyventojų tankis metų pradžioje;Rietavo sav.;viename km²;13.8
2016;Gyventojų tankis metų pradžioje;Rietavo sav.;viename km²;13.6
2017;Gyventojų tankis metų pradžioje;Rietavo sav.;viename km²;13.2
2018;Gyventojų tankis metų pradžioje;Rietavo sav.;viename km²;12.9
2019;Gyventojų tankis metų pradžioje;Rietavo sav.;viename km²;12.7
2001;Gyventojų tankis metų pradžioje;Telšių r. sav.;viename km²;40.1
2002;Gyventojų tankis metų pradžioje;Telšių r. sav.;viename km²;39.7
2003;Gyventojų tankis metų pradžioje;Telšių r. sav.;viename km²;39.3
2004;Gyventojų tankis metų pradžioje;Telšių r. sav.;viename km²;38.6
2005;Gyventojų tankis metų pradžioje;Telšių r. sav.;viename km²;37.9
2006;Gyventojų tankis metų pradžioje;Telšių r. sav.;viename km²;36.7
2007;Gyventojų tankis metų pradžioje;Telšių r. sav.;viename km²;35.9
2008;Gyventojų tankis metų pradžioje;Telšių r. sav.;viename km²;35.2
2009;Gyventojų tankis metų pradžioje;Telšių r. sav.;viename km²;34.6
2010;Gyventojų tankis metų pradžioje;Telšių r. sav.;viename km²;33.8
2011;Gyventojų tankis metų pradžioje;Telšių r. sav.;viename km²;32.8
2012;Gyventojų tankis metų pradžioje;Telšių r. sav.;viename km²;32.2
2013;Gyventojų tankis metų pradžioje;Telšių r. sav.;viename km²;31.6
2014;Gyventojų tankis metų pradžioje;Telšių r. sav.;viename km²;31.0
2015;Gyventojų tankis metų pradžioje;Telšių r. sav.;viename km²;30.5
2016;Gyventojų tankis metų pradžioje;Telšių r. sav.;viename km²;29.9
2017;Gyventojų tankis metų pradžioje;Telšių r. sav.;viename km²;29.1
2018;Gyventojų tankis metų pradžioje;Telšių r. sav.;viename km²;28.3
2019;Gyventojų tankis metų pradžioje;Telšių r. sav.;viename km²;27.7
2001;Gyventojų tankis metų pradžioje;Anykščių r. sav.;viename km²;19.9
2002;Gyventojų tankis metų pradžioje;Anykščių r. sav.;viename km²;19.7
2003;Gyventojų tankis metų pradžioje;Anykščių r. sav.;viename km²;19.4
2004;Gyventojų tankis metų pradžioje;Anykščių r. sav.;viename km²;19.1
2005;Gyventojų tankis metų pradžioje;Anykščių r. sav.;viename km²;18.8
2006;Gyventojų tankis metų pradžioje;Anykščių r. sav.;viename km²;18.3
2007;Gyventojų tankis metų pradžioje;Anykščių r. sav.;viename km²;17.9
2008;Gyventojų tankis metų pradžioje;Anykščių r. sav.;viename km²;17.5
2009;Gyventojų tankis metų pradžioje;Anykščių r. sav.;viename km²;17.2
2010;Gyventojų tankis metų pradžioje;Anykščių r. sav.;viename km²;16.8
2011;Gyventojų tankis metų pradžioje;Anykščių r. sav.;viename km²;16.3
2012;Gyventojų tankis metų pradžioje;Anykščių r. sav.;viename km²;15.9
2013;Gyventojų tankis metų pradžioje;Anykščių r. sav.;viename km²;15.6
2014;Gyventojų tankis metų pradžioje;Anykščių r. sav.;viename km²;15.2
2015;Gyventojų tankis metų pradžioje;Anykščių r. sav.;viename km²;15.0
2016;Gyventojų tankis metų pradžioje;Anykščių r. sav.;viename km²;14.6
2017;Gyventojų tankis metų pradžioje;Anykščių r. sav.;viename km²;14.2
2018;Gyventojų tankis metų pradžioje;Anykščių r. sav.;viename km²;13.7
2019;Gyventojų tankis metų pradžioje;Anykščių r. sav.;viename km²;13.4
2001;Gyventojų tankis metų pradžioje;Ignalinos r. sav.;viename km²;15.4
2002;Gyventojų tankis metų pradžioje;Ignalinos r. sav.;viename km²;15.3
2003;Gyventojų tankis metų pradžioje;Ignalinos r. sav.;viename km²;15.1
2004;Gyventojų tankis metų pradžioje;Ignalinos r. sav.;viename km²;14.7
2005;Gyventojų tankis metų pradžioje;Ignalinos r. sav.;viename km²;14.8
2006;Gyventojų tankis metų pradžioje;Ignalinos r. sav.;viename km²;14.4
2007;Gyventojų tankis metų pradžioje;Ignalinos r. sav.;viename km²;14.1
2008;Gyventojų tankis metų pradžioje;Ignalinos r. sav.;viename km²;13.7
2009;Gyventojų tankis metų pradžioje;Ignalinos r. sav.;viename km²;13.4
2010;Gyventojų tankis metų pradžioje;Ignalinos r. sav.;viename km²;13.1
2011;Gyventojų tankis metų pradžioje;Ignalinos r. sav.;viename km²;12.8
2012;Gyventojų tankis metų pradžioje;Ignalinos r. sav.;viename km²;12.5
2013;Gyventojų tankis metų pradžioje;Ignalinos r. sav.;viename km²;12.1
2014;Gyventojų tankis metų pradžioje;Ignalinos r. sav.;viename km²;11.8
2015;Gyventojų tankis metų pradžioje;Ignalinos r. sav.;viename km²;11.7
2016;Gyventojų tankis metų pradžioje;Ignalinos r. sav.;viename km²;11.3
2017;Gyventojų tankis metų pradžioje;Ignalinos r. sav.;viename km²;11.0
2018;Gyventojų tankis metų pradžioje;Ignalinos r. sav.;viename km²;10.7
2019;Gyventojų tankis metų pradžioje;Ignalinos r. sav.;viename km²;10.3
2001;Gyventojų tankis metų pradžioje;Molėtų r. sav.;viename km²;18.6
2002;Gyventojų tankis metų pradžioje;Molėtų r. sav.;viename km²;18.4
2003;Gyventojų tankis metų pradžioje;Molėtų r. sav.;viename km²;18.1
2004;Gyventojų tankis metų pradžioje;Molėtų r. sav.;viename km²;17.7
2005;Gyventojų tankis metų pradžioje;Molėtų r. sav.;viename km²;17.4
2006;Gyventojų tankis metų pradžioje;Molėtų r. sav.;viename km²;16.9
2007;Gyventojų tankis metų pradžioje;Molėtų r. sav.;viename km²;16.6
2008;Gyventojų tankis metų pradžioje;Molėtų r. sav.;viename km²;16.3
2009;Gyventojų tankis metų pradžioje;Molėtų r. sav.;viename km²;15.9
2010;Gyventojų tankis metų pradžioje;Molėtų r. sav.;viename km²;15.5
2011;Gyventojų tankis metų pradžioje;Molėtų r. sav.;viename km²;15.2
2012;Gyventojų tankis metų pradžioje;Molėtų r. sav.;viename km²;14.9
2013;Gyventojų tankis metų pradžioje;Molėtų r. sav.;viename km²;14.7
2014;Gyventojų tankis metų pradžioje;Molėtų r. sav.;viename km²;14.3
2015;Gyventojų tankis metų pradžioje;Molėtų r. sav.;viename km²;14.1
2016;Gyventojų tankis metų pradžioje;Molėtų r. sav.;viename km²;13.8
2017;Gyventojų tankis metų pradžioje;Molėtų r. sav.;viename km²;13.5
2018;Gyventojų tankis metų pradžioje;Molėtų r. sav.;viename km²;13.1
2019;Gyventojų tankis metų pradžioje;Molėtų r. sav.;viename km²;12.8
2001;Gyventojų tankis metų pradžioje;Utenos r. sav.;viename km²;40.8
2002;Gyventojų tankis metų pradžioje;Utenos r. sav.;viename km²;40.5
2003;Gyventojų tankis metų pradžioje;Utenos r. sav.;viename km²;40.2
2004;Gyventojų tankis metų pradžioje;Utenos r. sav.;viename km²;39.7
2005;Gyventojų tankis metų pradžioje;Utenos r. sav.;viename km²;39.2
2006;Gyventojų tankis metų pradžioje;Utenos r. sav.;viename km²;38.5
2007;Gyventojų tankis metų pradžioje;Utenos r. sav.;viename km²;38.0
2008;Gyventojų tankis metų pradžioje;Utenos r. sav.;viename km²;37.4
2009;Gyventojų tankis metų pradžioje;Utenos r. sav.;viename km²;37.0
2010;Gyventojų tankis metų pradžioje;Utenos r. sav.;viename km²;36.3
2011;Gyventojų tankis metų pradžioje;Utenos r. sav.;viename km²;35.3
2012;Gyventojų tankis metų pradžioje;Utenos r. sav.;viename km²;34.6
2013;Gyventojų tankis metų pradžioje;Utenos r. sav.;viename km²;33.9
2014;Gyventojų tankis metų pradžioje;Utenos r. sav.;viename km²;33.3
2015;Gyventojų tankis metų pradžioje;Utenos r. sav.;viename km²;32.9
2016;Gyventojų tankis metų pradžioje;Utenos r. sav.;viename km²;32.4
2017;Gyventojų tankis metų pradžioje;Utenos r. sav.;viename km²;31.6
2018;Gyventojų tankis metų pradžioje;Utenos r. sav.;viename km²;30.8
2019;Gyventojų tankis metų pradžioje;Utenos r. sav.;viename km²;30.4
2001;Gyventojų tankis metų pradžioje;Visagino sav.;viename km²;3299.7
2002;Gyventojų tankis metų pradžioje;Visagino sav.;viename km²;3190.9
2003;Gyventojų tankis metų pradžioje;Visagino sav.;viename km²;3118.4
2004;Gyventojų tankis metų pradžioje;Visagino sav.;viename km²;3101.7
2005;Gyventojų tankis metų pradžioje;Visagino sav.;viename km²;470.7
2006;Gyventojų tankis metų pradžioje;Visagino sav.;viename km²;455.5
2007;Gyventojų tankis metų pradžioje;Visagino sav.;viename km²;446.5
2008;Gyventojų tankis metų pradžioje;Visagino sav.;viename km²;435.0
2009;Gyventojų tankis metų pradžioje;Visagino sav.;viename km²;424.9
2010;Gyventojų tankis metų pradžioje;Visagino sav.;viename km²;413.7
2011;Gyventojų tankis metų pradžioje;Visagino sav.;viename km²;391.5
2012;Gyventojų tankis metų pradžioje;Visagino sav.;viename km²;377.9
2013;Gyventojų tankis metų pradžioje;Visagino sav.;viename km²;366.2
2014;Gyventojų tankis metų pradžioje;Visagino sav.;viename km²;355.6
2015;Gyventojų tankis metų pradžioje;Visagino sav.;viename km²;349.1
2016;Gyventojų tankis metų pradžioje;Visagino sav.;viename km²;340.9
2017;Gyventojų tankis metų pradžioje;Visagino sav.;viename km²;330.7
2018;Gyventojų tankis metų pradžioje;Visagino sav.;viename km²;322.2
2019;Gyventojų tankis metų pradžioje;Visagino sav.;viename km²;317.5
2001;Gyventojų tankis metų pradžioje;Zarasų r. sav.;viename km²;17.1
2002;Gyventojų tankis metų pradžioje;Zarasų r. sav.;viename km²;17.0
2003;Gyventojų tankis metų pradžioje;Zarasų r. sav.;viename km²;16.8
2004;Gyventojų tankis metų pradžioje;Zarasų r. sav.;viename km²;16.4
2005;Gyventojų tankis metų pradžioje;Zarasų r. sav.;viename km²;16.0
2006;Gyventojų tankis metų pradžioje;Zarasų r. sav.;viename km²;15.6
2007;Gyventojų tankis metų pradžioje;Zarasų r. sav.;viename km²;15.3
2008;Gyventojų tankis metų pradžioje;Zarasų r. sav.;viename km²;14.9
2009;Gyventojų tankis metų pradžioje;Zarasų r. sav.;viename km²;14.5
2010;Gyventojų tankis metų pradžioje;Zarasų r. sav.;viename km²;14.3
2011;Gyventojų tankis metų pradžioje;Zarasų r. sav.;viename km²;13.8
2012;Gyventojų tankis metų pradžioje;Zarasų r. sav.;viename km²;13.5
2013;Gyventojų tankis metų pradžioje;Zarasų r. sav.;viename km²;13.3
2014;Gyventojų tankis metų pradžioje;Zarasų r. sav.;viename km²;13.0
2015;Gyventojų tankis metų pradžioje;Zarasų r. sav.;viename km²;12.8
2016;Gyventojų tankis metų pradžioje;Zarasų r. sav.;viename km²;12.5
2017;Gyventojų tankis metų pradžioje;Zarasų r. sav.;viename km²;12.1
2018;Gyventojų tankis metų pradžioje;Zarasų r. sav.;viename km²;11.8
2019;Gyventojų tankis metų pradžioje;Zarasų r. sav.;viename km²;11.5