country;area;district;municipality
Lietuvos Respublika;Sostinės regionas;Vilniaus apskritis;Elektrėnų sav.
Lietuvos Respublika;Sostinės regionas;Vilniaus apskritis;Šalčininkų r. sav.
Lietuvos Respublika;Sostinės regionas;Vilniaus apskritis;Širvintų r. sav.
Lietuvos Respublika;Sostinės regionas;Vilniaus apskritis;Švenčionių r. sav.
Lietuvos Respublika;Sostinės regionas;Vilniaus apskritis;Trakų r. sav.
Lietuvos Respublika;Sostinės regionas;Vilniaus apskritis;Ukmergės r. sav.
Lietuvos Respublika;Sostinės regionas;Vilniaus apskritis;Vilniaus m. sav.
Lietuvos Respublika;Sostinės regionas;Vilniaus apskritis;Vilniaus r. sav.
Lietuvos Respublika;Vidurio ir vakarų Lietuvos regionas;Alytaus apskritis;Alytaus m. sav.
Lietuvos Respublika;Vidurio ir vakarų Lietuvos regionas;Alytaus apskritis;Alytaus r. sav.
Lietuvos Respublika;Vidurio ir vakarų Lietuvos regionas;Alytaus apskritis;Druskininkų sav.
Lietuvos Respublika;Vidurio ir vakarų Lietuvos regionas;Alytaus apskritis;Lazdijų r. sav.
Lietuvos Respublika;Vidurio ir vakarų Lietuvos regionas;Alytaus apskritis;Varėnos r. sav.
Lietuvos Respublika;Vidurio ir vakarų Lietuvos regionas;Kauno apskritis;Birštono sav.
Lietuvos Respublika;Vidurio ir vakarų Lietuvos regionas;Kauno apskritis;Jonavos r. sav.
Lietuvos Respublika;Vidurio ir vakarų Lietuvos regionas;Kauno apskritis;Kaišiadorių r. sav.
Lietuvos Respublika;Vidurio ir vakarų Lietuvos regionas;Kauno apskritis;Kauno m. sav.
Lietuvos Respublika;Vidurio ir vakarų Lietuvos regionas;Kauno apskritis;Kauno r. sav.
Lietuvos Respublika;Vidurio ir vakarų Lietuvos regionas;Kauno apskritis;Kėdainių r. sav.
Lietuvos Respublika;Vidurio ir vakarų Lietuvos regionas;Kauno apskritis;Prienų r. sav.
Lietuvos Respublika;Vidurio ir vakarų Lietuvos regionas;Kauno apskritis;Raseinių r. sav.
Lietuvos Respublika;Vidurio ir vakarų Lietuvos regionas;Klaipėdos apskritis;Klaipėdos m. sav.
Lietuvos Respublika;Vidurio ir vakarų Lietuvos regionas;Klaipėdos apskritis;Klaipėdos r. sav.
Lietuvos Respublika;Vidurio ir vakarų Lietuvos regionas;Klaipėdos apskritis;Kretingos r. sav.
Lietuvos Respublika;Vidurio ir vakarų Lietuvos regionas;Klaipėdos apskritis;Neringos sav.
Lietuvos Respublika;Vidurio ir vakarų Lietuvos regionas;Klaipėdos apskritis;Palangos m. sav.
Lietuvos Respublika;Vidurio ir vakarų Lietuvos regionas;Klaipėdos apskritis;Skuodo r. sav.
Lietuvos Respublika;Vidurio ir vakarų Lietuvos regionas;Klaipėdos apskritis;Šilutės r. sav.
Lietuvos Respublika;Vidurio ir vakarų Lietuvos regionas;Marijampolės apskritis;Kalvarijos sav.
Lietuvos Respublika;Vidurio ir vakarų Lietuvos regionas;Marijampolės apskritis;Kazlų Rūdos sav.
Lietuvos Respublika;Vidurio ir vakarų Lietuvos regionas;Marijampolės apskritis;Marijampolės sav.
Lietuvos Respublika;Vidurio ir vakarų Lietuvos regionas;Marijampolės apskritis;Marijampolės r. sav.
Lietuvos Respublika;Vidurio ir vakarų Lietuvos regionas;Marijampolės apskritis;Šakių r. sav.
Lietuvos Respublika;Vidurio ir vakarų Lietuvos regionas;Marijampolės apskritis;Vilkaviškio r. sav.
Lietuvos Respublika;Vidurio ir vakarų Lietuvos regionas;Panevėžio apskritis;Biržų r. sav.
Lietuvos Respublika;Vidurio ir vakarų Lietuvos regionas;Panevėžio apskritis;Kupiškio r. sav.
Lietuvos Respublika;Vidurio ir vakarų Lietuvos regionas;Panevėžio apskritis;Panevėžio m. sav.
Lietuvos Respublika;Vidurio ir vakarų Lietuvos regionas;Panevėžio apskritis;Panevėžio r. sav.
Lietuvos Respublika;Vidurio ir vakarų Lietuvos regionas;Panevėžio apskritis;Pasvalio r. sav.
Lietuvos Respublika;Vidurio ir vakarų Lietuvos regionas;Panevėžio apskritis;Rokiškio r. sav.
Lietuvos Respublika;Vidurio ir vakarų Lietuvos regionas;Šiaulių apskritis;Akmenės r. sav.
Lietuvos Respublika;Vidurio ir vakarų Lietuvos regionas;Šiaulių apskritis;Joniškio r. sav.
Lietuvos Respublika;Vidurio ir vakarų Lietuvos regionas;Šiaulių apskritis;Kelmės r. sav.
Lietuvos Respublika;Vidurio ir vakarų Lietuvos regionas;Šiaulių apskritis;Pakruojo r. sav.
Lietuvos Respublika;Vidurio ir vakarų Lietuvos regionas;Šiaulių apskritis;Radviliškio r. sav.
Lietuvos Respublika;Vidurio ir vakarų Lietuvos regionas;Šiaulių apskritis;Šiaulių m. sav.
Lietuvos Respublika;Vidurio ir vakarų Lietuvos regionas;Šiaulių apskritis;Šiaulių r. sav.
Lietuvos Respublika;Vidurio ir vakarų Lietuvos regionas;Tauragės apskritis;Jurbarko r. sav.
Lietuvos Respublika;Vidurio ir vakarų Lietuvos regionas;Tauragės apskritis;Pagėgių sav.
Lietuvos Respublika;Vidurio ir vakarų Lietuvos regionas;Tauragės apskritis;Šilalės r. sav.
Lietuvos Respublika;Vidurio ir vakarų Lietuvos regionas;Tauragės apskritis;Tauragės r. sav.
Lietuvos Respublika;Vidurio ir vakarų Lietuvos regionas;Telšių apskritis;Mažeikių r. sav.
Lietuvos Respublika;Vidurio ir vakarų Lietuvos regionas;Telšių apskritis;Plungės r. sav.
Lietuvos Respublika;Vidurio ir vakarų Lietuvos regionas;Telšių apskritis;Rietavo sav.
Lietuvos Respublika;Vidurio ir vakarų Lietuvos regionas;Telšių apskritis;Telšių r. sav.
Lietuvos Respublika;Vidurio ir vakarų Lietuvos regionas;Utenos apskritis;Anykščių r. sav.
Lietuvos Respublika;Vidurio ir vakarų Lietuvos regionas;Utenos apskritis;Ignalinos r. sav.
Lietuvos Respublika;Vidurio ir vakarų Lietuvos regionas;Utenos apskritis;Molėtų r. sav.
Lietuvos Respublika;Vidurio ir vakarų Lietuvos regionas;Utenos apskritis;Utenos r. sav.
Lietuvos Respublika;Vidurio ir vakarų Lietuvos regionas;Utenos apskritis;Visagino sav.
Lietuvos Respublika;Vidurio ir vakarų Lietuvos regionas;Utenos apskritis;Zarasų r. sav.